"ItemID","Subject","ItemGrade","Claim","Target","UseTarget","BlueprintTarget","DOK","StimID","AsmtType","ItemType","IRT_A","IRT_B","IRT_C","IRT_Step1","IRT_Step2","IRT_Step3","IRT_Step4","IRT_Step5","IRT_Step6","IRT_Step7","IRT_Step8","Braille","EnemyItem","PoolGrade","ExtPool","ShortAnswer","FullWrite","SpaErrors"
"55096D","ELA",3,2,"4","4","4",4,1850,"PT","wer",0.55008,0.05533,0,0,1.54006,0.18616,-1.72623,NA,NA,NA,NA,"","",3,0,0,1,0
"55096C","ELA",3,2,"4","4","4",4,1850,"PT","wer",0.60223,-0.71956,0,0,0.53245,-0.53245,NA,NA,NA,NA,NA,"","",3,0,0,1,0
"57180C","ELA",3,2,"4","4","4",4,1902,"PT","wer",1.08759,-0.69239,0,0,0.44684,-0.44684,NA,NA,NA,NA,NA,"","",3,0,0,1,0
"57180D","ELA",3,2,"4","4","4",4,1902,"PT","wer",1.00413,-0.07381,0,0,1.25404,0.03041,-1.28445,NA,NA,NA,NA,"","",3,0,0,1,0
"57182","ELA",3,4,"4","4","4",3,1903,"PT","sa",0.98223,1.01877,0,0,0.39834,-0.39834,NA,NA,NA,NA,NA,"Not Braillable","",3,0,1,0,0
"57184","ELA",3,4,"2","2","2",3,1903,"PT","sa",0.57029,1.52319,0,0,-0.84899,0.84899,NA,NA,NA,NA,NA,"Not Braillable","",3,0,1,0,0
"57186C","ELA",3,2,"4","4","4",4,1903,"PT","wer",0.62615,-1.10207,0,0,0.35789,-0.35789,NA,NA,NA,NA,NA,"Not Braillable","",3,0,0,1,0
"57186D","ELA",3,2,"4","4","4",4,1903,"PT","wer",0.57802,-0.44134,0,0,1.64485,-0.11036,-1.53449,NA,NA,NA,NA,"Not Braillable","",3,0,0,1,0
"57188","ELA",3,4,"2","2","2",3,1904,"PT","sa",0.73426,0.55821,0,0,0.09994,-0.09994,NA,NA,NA,NA,NA,"","",3,0,1,0,0
"57190D","ELA",3,2,"7","7","7",4,1904,"PT","wer",0.66859,0.06502,0,0,0.76407,0.41338,-1.17745,NA,NA,NA,NA,"","",3,0,0,1,0
"57190C","ELA",3,2,"7","7","7",4,1904,"PT","wer",0.75344,-0.57231,0,0,-0.10021,0.10021,NA,NA,NA,NA,NA,"","",3,0,0,1,0
"57392C","ELA",3,2,"2","2","2",4,1920,"PT","wer",0.94772,-0.5639,0,0,0.21673,-0.21673,NA,NA,NA,NA,NA,"","",3,0,0,1,0
"57392D","ELA",3,2,"2","2","2",4,1920,"PT","wer",0.59853,-0.00373,0,0,0.38955,1.46848,-0.13203,-1.72599,NA,NA,NA,"","",3,0,0,1,0
"57466C","ELA",3,2,"2","2","2",4,1928,"PT","wer",0.80221,-0.6507,0,0,0.09844,-0.09844,NA,NA,NA,NA,NA,"BRF","",3,0,0,1,0
"57466D","ELA",3,2,"2","2","2",4,1928,"PT","wer",0.5403,0.1297,0,0,0.7447,1.32709,-0.17923,-1.89255,NA,NA,NA,"BRF","",3,0,0,1,0
"57470","ELA",3,4,"4","4","4",3,1929,"PT","mi",0.61721,1.59431,0,0,NA,NA,NA,NA,NA,NA,NA,"BRF","",3,0,0,0,0
"57472C","ELA",3,2,"4","4","4",4,1929,"PT","wer",0.66803,-1.28418,0,0,0.47425,-0.47425,NA,NA,NA,NA,NA,"BRF","",3,0,0,1,0
"57472D","ELA",3,2,"4","4","4",4,1929,"PT","wer",0.61625,-0.65943,0,0,1.85298,-0.16068,-1.69229,NA,NA,NA,NA,"BRF","",3,0,0,1,0
"57474","ELA",3,4,"4","4","4",3,1930,"PT","sa",0.69431,0.60849,0,0,0.42389,-0.42389,NA,NA,NA,NA,NA,"","",3,0,1,0,0
"57501","ELA",3,4,"2","2","2",3,1928,"PT","ms",0.30124,2.31295,0,0,NA,NA,NA,NA,NA,NA,NA,"BRF","",3,0,0,0,0
"57503","ELA",3,4,"2","2","2",3,1930,"PT","sa",0.37402,0.03775,0,0,0.75261,-0.75261,NA,NA,NA,NA,NA,"","",3,0,1,0,0
"57505","ELA",3,4,"4","4","4",3,1930,"PT","mi",0.39729,3.03205,0,0,NA,NA,NA,NA,NA,NA,NA,"","",3,0,0,0,0
"57507C","ELA",3,2,"2","2","2",4,1930,"PT","wer",1.02923,-0.65689,0,0,0.16393,-0.16393,NA,NA,NA,NA,NA,"","",3,0,0,1,0
"57507D","ELA",3,2,"2","2","2",4,1930,"PT","wer",0.64115,0.03136,0,0,0.76378,1.06649,-0.24142,-1.58884,NA,NA,NA,"","",3,0,0,1,0
"57509","ELA",3,4,"2","2","2",3,1934,"PT","sa",0.91909,0.84089,0,0,0.34997,-0.34997,NA,NA,NA,NA,NA,"BRF","",3,0,1,0,0
"57511D","ELA",3,2,"7","7","7",4,1934,"PT","wer",0.71315,-0.35542,0,0,1.39677,-0.00726,-1.38952,NA,NA,NA,NA,"BRF","",3,0,0,1,0
"57511C","ELA",3,2,"7","7","7",4,1934,"PT","wer",0.86243,-0.92566,0,0,0.37696,-0.37696,NA,NA,NA,NA,NA,"BRF","",3,0,0,1,0
"61285","ELA",3,4,"3","3","3",4,1958,"PT","sa",0.63106,0.37009,0,0,0.72358,-0.72358,NA,NA,NA,NA,NA,"","",3,0,1,0,0
"61287","ELA",3,4,"2","2","2",3,1958,"PT","sa",0.99169,0.6594,0,0,0.43074,-0.43074,NA,NA,NA,NA,NA,"","",3,0,1,0,0
"61289C","ELA",3,2,"4","4","4",4,1958,"PT","wer",0.72561,-1.41406,0,0,0.81692,-0.81692,NA,NA,NA,NA,NA,"","",3,0,0,1,0
"61289D","ELA",3,2,"4","4","4",4,1958,"PT","wer",0.67117,-0.78204,0,0,1.94714,0.04348,-1.99062,NA,NA,NA,NA,"","",3,0,0,1,0
"61291","ELA",3,4,"2","2","2",3,1850,"PT","sa",0.54869,-0.18743,0,0,0.12856,-0.12856,NA,NA,NA,NA,NA,"","",3,0,1,0,0
"61294","ELA",3,4,"2","2","2",3,1850,"PT","sa",0.83557,-0.27586,0,0,-0.12256,0.12256,NA,NA,NA,NA,NA,"","",3,0,1,0,0
"61400","ELA",3,4,"4","4","4",3,1970,"PT","mi",0.63205,1.34982,0,0,NA,NA,NA,NA,NA,NA,NA,"BRF","",3,0,0,0,0
"61402","ELA",3,4,"2","2","2",3,1970,"PT","sa",0.78151,0.40369,0,0,0.41431,-0.41431,NA,NA,NA,NA,NA,"BRF","",3,0,1,0,0
"61404","ELA",3,4,"3","3","3",4,1970,"PT","sa",1.02247,0.23727,0,0,0.41882,-0.41882,NA,NA,NA,NA,NA,"BRF","",3,0,1,0,0
"61406D","ELA",3,2,"4","4","4",4,1970,"PT","wer",0.85986,-0.81909,0,0,1.76205,-0.02398,-1.73806,NA,NA,NA,NA,"BRF","",3,0,0,1,0
"61406C","ELA",3,2,"4","4","4",4,1970,"PT","wer",0.86129,-1.264,0,0,0.74934,-0.74934,NA,NA,NA,NA,NA,"BRF","",3,0,0,1,0
"61408","ELA",3,4,"2","2","2",3,1971,"PT","sa",0.38471,-0.56747,0,0,0.57002,-0.57002,NA,NA,NA,NA,NA,"","",3,0,1,0,0
"61410","ELA",3,4,"4","4","4",3,1971,"PT","mi",0.4543,2.94801,0,0,NA,NA,NA,NA,NA,NA,NA,"","",3,0,0,0,0
"61414","ELA",3,4,"3","3","3",4,1972,"PT","sa",0.68885,0.55933,0,0,0.22005,-0.22005,NA,NA,NA,NA,NA,"BRF","",3,0,1,0,0
"61416","ELA",3,4,"4","4","4",3,1972,"PT","mi",0.86231,0.00916,0,0,NA,NA,NA,NA,NA,NA,NA,"BRF","",3,0,0,0,0
"61418","ELA",3,4,"2","2","2",3,1972,"PT","sa",0.78574,0.27617,0,0,0.09949,-0.09949,NA,NA,NA,NA,NA,"BRF","",3,0,1,0,0
"61422","ELA",3,4,"2","2","2",3,1973,"PT","sa",0.47004,-0.73049,0,0,-0.69798,0.69798,NA,NA,NA,NA,NA,"","",3,0,1,0,0
"61424","ELA",3,4,"2","2","2",3,1973,"PT","sa",0.75232,0.76917,0,0,0.27426,-0.27426,NA,NA,NA,NA,NA,"","",3,0,1,0,0
"61426C","ELA",3,2,"7","7","7",4,1973,"PT","wer",0.74789,-0.62111,0,0,0.35154,-0.35154,NA,NA,NA,NA,NA,"","",3,0,0,1,0
"61426D","ELA",3,2,"7","7","7",4,1973,"PT","wer",0.65897,-0.02661,0,0,1.02072,0.40086,-1.42158,NA,NA,NA,NA,"","",3,0,0,1,0
"63986C","ELA",3,2,"2","2","2",4,1971,"PT","wer",0.59575,0.18631,0,0,-0.27849,0.27849,NA,NA,NA,NA,NA,"","0",3,0,0,1,0
"63986D","ELA",3,2,"2","2","2",4,1971,"PT","wer",0.38385,0.85016,0,0,-0.73503,1.91345,0.076,-1.25443,NA,NA,NA,"","0",3,0,0,1,0
"63988C","ELA",3,2,"2","2","2",4,1972,"PT","wer",0.76034,-0.10723,0,0,-0.03178,0.03178,NA,NA,NA,NA,NA,"BRF","0",3,0,0,1,0
"63988D","ELA",3,2,"2","2","2",4,1972,"PT","wer",0.48587,0.62007,0,0,0.12088,1.41605,0.17159,-1.70851,NA,NA,NA,"BRF","0",3,0,0,1,0
"69972","ELA",3,4,"4","4","4",3,1904,"PT","mi",0.71201,1.81109,0,0,NA,NA,NA,NA,NA,NA,NA,"","",3,0,0,0,0
"70028","ELA",3,4,"3","3","3",3,1903,"PT","mc",0.33083,-0.38985,0,NA,NA,NA,NA,NA,NA,NA,NA,"Not Braillable","",3,0,0,0,0
"70035","ELA",3,4,"3","3","3",4,1928,"PT","sa",0.9063,1.18252,0,0,0.49543,-0.49543,NA,NA,NA,NA,NA,"BRF","",3,0,1,0,0
"70039","ELA",3,4,"4","4","4",3,1902,"PT","sa",0.90292,0.8023,0,0,0.07562,-0.07562,NA,NA,NA,NA,NA,"","",3,0,1,0,0
"70041","ELA",3,4,"3","3","3",4,1902,"PT","sa",0.8333,1.47395,0,0,0.88015,-0.88015,NA,NA,NA,NA,NA,"","",3,0,1,0,0
"70044","ELA",3,4,"2","2","2",3,1920,"PT","sa",0.64083,0.36419,0,0,0.91016,-0.91016,NA,NA,NA,NA,NA,"Not Braillable","",3,0,1,0,0
"70046","ELA",3,4,"3","3","3",4,1920,"PT","sa",0.9777,0.48149,0,0,0.63219,-0.63219,NA,NA,NA,NA,NA,"Not Braillable","",3,0,1,0,0
"70048","ELA",3,4,"2","2","2",3,1929,"PT","sa",0.59306,-0.3227,0,0,-1.33939,1.33939,NA,NA,NA,NA,NA,"BRF","",3,0,1,0,0
"70050","ELA",3,4,"3","3","3",4,1904,"PT","sa",0.60262,1.28327,0,0,-0.24567,0.24567,NA,NA,NA,NA,NA,"","",3,0,1,0,0
"70052","ELA",3,4,"4","4","4",3,1934,"PT","sa",1.15035,0.7415,0,0,0.1659,-0.1659,NA,NA,NA,NA,NA,"BRF","",3,0,1,0,0
"70054","ELA",3,4,"3","3","3",3,1934,"PT","mc",0.61082,0.04347,0,NA,NA,NA,NA,NA,NA,NA,NA,"BRF","",3,0,0,0,0
"54181","ELA",4,4,"3","3","3",4,1710,"PT","sa",1.02682,0.78311,0,0,0.97004,-0.97004,NA,NA,NA,NA,NA,"BRF","",4,0,1,0,0
"54183C","ELA",4,2,"4","4","4",4,1710,"PT","wer",0.86817,-0.36178,0,0,0.43219,-0.43219,NA,NA,NA,NA,NA,"BRF","",4,0,0,1,0
"54183D","ELA",4,2,"4","4","4",4,1710,"PT","wer",0.61155,0.43909,0,0,2.25635,1.0271,-0.7999,-2.48356,NA,NA,NA,"BRF","",4,0,0,1,0
"54185","ELA",4,4,"4","4","4",3,1790,"PT","sa",1.05832,0.78245,0,0,0.51883,-0.51883,NA,NA,NA,NA,NA,"Not Braillable","",4,0,1,0,0
"54187","ELA",4,4,"3","3","3",4,1790,"PT","sa",0.71182,1.99016,0,0,0.87802,-0.87802,NA,NA,NA,NA,NA,"Not Braillable","",4,0,1,0,0
"54189","ELA",4,4,"4","4","4",3,1790,"PT","mi",0.70144,0.50364,0,0,NA,NA,NA,NA,NA,NA,NA,"Not Braillable","",4,0,0,0,0
"54191D","ELA",4,2,"2","2","2",4,1790,"PT","wer",0.53112,-0.09784,0,0,0.85542,0.99734,-0.53862,-1.31415,NA,NA,NA,"Not Braillable","",4,0,0,1,0
"54191C","ELA",4,2,"2","2","2",4,1790,"PT","wer",0.84917,-0.27337,0,0,0.44415,-0.44415,NA,NA,NA,NA,NA,"Not Braillable","",4,0,0,1,0
"54195","ELA",4,4,"2","2","2",3,1791,"PT","sa",0.77662,0.59177,0,0,0.21146,-0.21146,NA,NA,NA,NA,NA,"","",4,0,1,0,0
"54197","ELA",4,4,"4","4","4",3,1791,"PT","sa",0.88945,0.7697,0,0,0.27438,-0.27438,NA,NA,NA,NA,NA,"","",4,0,1,0,0
"54199","ELA",4,4,"4","4","4",3,1791,"PT","mi",0.28095,2.82376,0,0,NA,NA,NA,NA,NA,NA,NA,"Not Braillable","",4,0,0,0,0
"54201C","ELA",4,2,"7","7","7",4,1791,"PT","wer",0.8991,-0.29759,0,0,0.39718,-0.39718,NA,NA,NA,NA,NA,"","",4,0,0,1,0
"54201D","ELA",4,2,"7","7","7",4,1791,"PT","wer",0.65481,-0.26371,0,0,0.7395,0.41032,-1.14982,NA,NA,NA,NA,"","",4,0,0,1,0
"54697D","ELA",4,2,"2","2","2",4,1819,"PT","wer",0.48553,0.1042,0,0,-0.24807,1.16979,-0.03701,-0.8847,NA,NA,NA,"Not Braillable","",4,0,0,1,0
"54697C","ELA",4,2,"2","2","2",4,1819,"PT","wer",0.85248,0.04484,0,0,0.17683,-0.17683,NA,NA,NA,NA,NA,"Not Braillable","",4,0,0,1,0
"54699","ELA",4,4,"2","2","2",3,1820,"PT","sa",0.57592,0.61626,0,0,-0.04662,0.04662,NA,NA,NA,NA,NA,"","",4,0,1,0,0
"54703C","ELA",4,2,"4","4","4",4,1820,"PT","wer",0.66336,-0.34112,0,0,0.16001,-0.16001,NA,NA,NA,NA,NA,"","",4,0,0,1,0
"54703D","ELA",4,2,"4","4","4",4,1820,"PT","wer",0.43939,-0.15137,0,0,1.2761,0.62519,-1.90129,NA,NA,NA,NA,"","",4,0,0,1,0
"55052","ELA",4,4,"2","2","2",3,1841,"PT","sa",0.47557,0.10345,0,0,0.54783,-0.54783,NA,NA,NA,NA,NA,"","",4,0,1,0,0
"55054","ELA",4,4,"4","4","4",3,1842,"PT","mi",0.40342,-1.5233,0,0,NA,NA,NA,NA,NA,NA,NA,"BRF","",4,0,0,0,0
"55056","ELA",4,4,"2","2","2",3,1843,"PT","sa",0.56105,0.85309,0,0,-0.22813,0.22813,NA,NA,NA,NA,NA,"Not Braillable","",4,0,1,0,0
"55377","ELA",4,4,"3","3","3",4,1841,"PT","sa",0.63532,0.31341,0,0,0.11675,-0.11675,NA,NA,NA,NA,NA,"","",4,0,1,0,0
"55381D","ELA",4,2,"4","4","4",4,1841,"PT","wer",0.60139,0.35552,0,0,1.48871,1.32554,-0.46942,-2.34484,NA,NA,NA,"","",4,0,0,1,0
"55381C","ELA",4,2,"4","4","4",4,1841,"PT","wer",0.84673,-0.39411,0,0,0.26638,-0.26638,NA,NA,NA,NA,NA,"","",4,0,0,1,0
"55383","ELA",4,4,"3","3","3",4,1842,"PT","sa",0.78733,0.54329,0,0,0.83372,-0.83372,NA,NA,NA,NA,NA,"BRF","",4,0,1,0,0
"55385D","ELA",4,2,"2","2","2",4,1842,"PT","wer",0.48946,0.20114,0,0,0.29405,1.18825,-0.197,-1.2853,NA,NA,NA,"BRF","",4,0,0,1,0
"55385C","ELA",4,2,"2","2","2",4,1842,"PT","wer",0.89683,-0.01505,0,0,0.2649,-0.2649,NA,NA,NA,NA,NA,"BRF","",4,0,0,1,0
"55387C","ELA",4,2,"7","7","7",4,1843,"PT","wer",0.94264,-0.30578,0,0,0.51646,-0.51646,NA,NA,NA,NA,NA,"","",4,0,0,1,0
"55387D","ELA",4,2,"7","7","7",4,1843,"PT","wer",0.62593,-0.46007,0,0,0.82705,0.37095,-1.198,NA,NA,NA,NA,"","",4,0,0,1,0
"56348","ELA",4,4,"2","2","2",3,1875,"PT","sa",0.52552,0.03179,0,0,-0.88613,0.88613,NA,NA,NA,NA,NA,"","",4,0,1,0,0
"56356D","ELA",4,2,"4","4","4",4,1875,"PT","wer",0.45376,0.5943,0,0,1.53769,1.37586,-0.2286,-2.68494,NA,NA,NA,"","",4,0,0,1,0
"56356C","ELA",4,2,"4","4","4",4,1875,"PT","wer",0.66874,-0.36212,0,0,0.00726,-0.00726,NA,NA,NA,NA,NA,"","",4,0,0,1,0
"56373","ELA",4,4,"4","4","4",3,1880,"PT","sa",0.66982,1.74685,0,0,0.4548,-0.4548,NA,NA,NA,NA,NA,"","",4,0,1,0,0
"56375","ELA",4,4,"2","2","2",3,1881,"PT","sa",0.3875,0.36748,0,0,0.7269,-0.7269,NA,NA,NA,NA,NA,"","",4,0,1,0,0
"56377","ELA",4,4,"3","3","3",4,1881,"PT","sa",0.62664,0.77294,0,0,0.39466,-0.39466,NA,NA,NA,NA,NA,"","",4,0,1,0,0
"56379D","ELA",4,2,"2","2","2",4,1881,"PT","wer",0.54802,0.16402,0,0,0.20508,1.18568,-0.17549,-1.21525,NA,NA,NA,"","",4,0,0,1,0
"56379C","ELA",4,2,"2","2","2",4,1881,"PT","wer",0.89796,-0.19392,0,0,0.1542,-0.1542,NA,NA,NA,NA,NA,"","",4,0,0,1,0
"56525C","ELA",4,2,"4","4","4",4,1879,"PT","wer",0.65206,-0.44349,0,0,0.28318,-0.28318,NA,NA,NA,NA,NA,"BRF","",4,0,0,1,0
"56525D","ELA",4,2,"4","4","4",4,1879,"PT","wer",0.4745,0.60652,0,0,1.95378,1.54951,-0.83384,-2.66946,NA,NA,NA,"BRF","",4,0,0,1,0
"56527","ELA",4,4,"3","3","3",4,1880,"PT","sa",0.70843,1.06847,0,0,0.55635,-0.55635,NA,NA,NA,NA,NA,"","",4,0,1,0,0
"56529C","ELA",4,2,"2","2","2",4,1880,"PT","wer",0.82071,-0.08494,0,0,0.47499,-0.47499,NA,NA,NA,NA,NA,"","",4,0,0,1,0
"56529D","ELA",4,2,"2","2","2",4,1880,"PT","wer",0.41159,0.09888,0,0,-0.21388,1.50812,0.1116,-1.40585,NA,NA,NA,"","",4,0,0,1,0
"56531","ELA",4,4,"2","2","2",3,1881,"PT","ms",0.52476,1.41391,0,0,NA,NA,NA,NA,NA,NA,NA,"","",4,0,0,0,0
"57394","ELA",4,4,"2","2","2",3,1905,"PT","sa",0.60432,-0.15722,0,0,0.14042,-0.14042,NA,NA,NA,NA,NA,"","",4,0,1,0,0
"57396","ELA",4,4,"3","3","3",4,1905,"PT","sa",0.77347,1.20123,0,0,0.39844,-0.39844,NA,NA,NA,NA,NA,"","",4,0,1,0,0
"57398C","ELA",4,2,"2","2","2",4,1905,"PT","wer",0.86908,-0.13741,0,0,0.41726,-0.41726,NA,NA,NA,NA,NA,"","",4,0,0,1,0
"57398D","ELA",4,2,"2","2","2",4,1905,"PT","wer",0.52024,-0.05881,0,0,0.6325,1.04545,-0.42572,-1.25223,NA,NA,NA,"","",4,0,0,1,0
"57400","ELA",4,4,"3","3","3",4,1921,"PT","sa",0.63722,0.65022,0,0,-0.0525,0.0525,NA,NA,NA,NA,NA,"BRF","",4,0,1,0,0
"57402","ELA",4,4,"2","2","2",3,1921,"PT","ms",0.47507,-1.14814,0,0,NA,NA,NA,NA,NA,NA,NA,"BRF","",4,0,0,0,0
"57404","ELA",4,4,"2","2","2",3,1921,"PT","sa",0.41778,0.65992,0,0,-0.66096,0.66096,NA,NA,NA,NA,NA,"BRF","",4,0,1,0,0
"57478D","ELA",4,2,"7","7","7",4,1921,"PT","wer",0.7427,-0.48707,0,0,0.96395,0.31211,-1.27605,NA,NA,NA,NA,"BRF","",4,0,0,1,0
"57478C","ELA",4,2,"7","7","7",4,1921,"PT","wer",0.9765,-0.38179,0,0,0.44808,-0.44808,NA,NA,NA,NA,NA,"BRF","",4,0,0,1,0
"61160","ELA",4,4,"2","2","2",3,1819,"PT","sa",0.71976,0.02564,0,0,-0.14878,0.14878,NA,NA,NA,NA,NA,"Not Braillable","",4,0,1,0,0
"61162","ELA",4,4,"3","3","3",4,1819,"PT","sa",0.65443,1.04946,0,0,0.20955,-0.20955,NA,NA,NA,NA,NA,"Not Braillable","",4,0,1,0,0
"61164","ELA",4,4,"4","4","4",3,1819,"PT","mi",0.6246,2.36075,0,0,NA,NA,NA,NA,NA,NA,NA,"Not Braillable","",4,0,0,0,0
"61172","ELA",4,4,"4","4","4",3,1710,"PT","sa",0.81721,0.48831,0,0,0.21455,-0.21455,NA,NA,NA,NA,NA,"BRF","",4,0,1,0,0
"61174","ELA",4,4,"3","3","3",4,1820,"PT","sa",0.67574,0.8343,0,0,0.50478,-0.50478,NA,NA,NA,NA,NA,"","",4,0,1,0,0
"61178","ELA",4,4,"2","2","2",3,1842,"PT","sa",0.75479,0.41176,0,0,0.23849,-0.23849,NA,NA,NA,NA,NA,"BRF","",4,0,1,0,0
"61196","ELA",4,4,"4","4","4",3,1843,"PT","sa",0.62729,1.54802,0,0,0.27148,-0.27148,NA,NA,NA,NA,NA,"Not Braillable","",4,0,1,0,0
"61198","ELA",4,4,"3","3","3",3,1843,"PT","mc",0.40605,0.13343,0,NA,NA,NA,NA,NA,NA,NA,NA,"","",4,0,0,0,0
"61206","ELA",4,4,"3","3","3",4,1875,"PT","sa",0.67546,0.60639,0,0,0.26428,-0.26428,NA,NA,NA,NA,NA,"","",4,0,1,0,0
"61296","ELA",4,4,"2","2","2",3,1879,"PT","sa",0.66785,-0.47726,0,0,0.22554,-0.22554,NA,NA,NA,NA,NA,"BRF","",4,0,1,0,0
"61298","ELA",4,4,"4","4","4",3,1879,"PT","sa",0.79775,1.15754,0,0,0.36759,-0.36759,NA,NA,NA,NA,NA,"BRF","",4,0,1,0,0
"61300","ELA",4,4,"4","4","4",3,1880,"PT","mi",0.32474,1.65393,0,0,NA,NA,NA,NA,NA,NA,NA,"","",4,0,0,0,0
"61372","ELA",4,4,"3","3","3",4,1969,"PT","sa",0.80446,0.51138,0,0,0.61959,-0.61959,NA,NA,NA,NA,NA,"","",4,0,1,0,0
"61376","ELA",4,4,"4","4","4",3,1969,"PT","mi",0.47173,1.91684,0,0,NA,NA,NA,NA,NA,NA,NA,"","",4,0,0,0,0
"61378C","ELA",4,2,"4","4","4",4,1969,"PT","wer",0.52675,-0.25079,0,0,-0.03766,0.03766,NA,NA,NA,NA,NA,"","",4,0,0,1,0
"61378D","ELA",4,2,"4","4","4",4,1969,"PT","wer",0.38895,0.96841,0,0,2.09772,1.66964,-0.60867,-3.15867,NA,NA,NA,"","",4,0,0,1,0
"61430","ELA",4,4,"2","2","2",4,1974,"PT","sa",0.8246,1.43752,0,0,0.32074,-0.32074,NA,NA,NA,NA,NA,"","",4,0,1,0,0
"61432C","ELA",4,2,"4","4","4",4,1974,"PT","wer",0.68368,-0.35319,0,0,0.36919,-0.36919,NA,NA,NA,NA,NA,"","",4,0,0,1,0
"61432D","ELA",4,2,"4","4","4",4,1974,"PT","wer",0.48733,0.56912,0,0,2.08869,1.34187,-0.69075,-2.73982,NA,NA,NA,"","",4,0,0,1,0
"61436","ELA",4,4,"2","2","2",3,1975,"PT","sa",0.42263,1.75924,0,0,0.16104,-0.16104,NA,NA,NA,NA,NA,"","",4,0,1,0,0
"61438","ELA",4,4,"3","3","3",4,1975,"PT","sa",0.65876,1.45365,0,0,-0.49827,0.49827,NA,NA,NA,NA,NA,"","",4,0,1,0,0
"61442D","ELA",4,2,"7","7","7",4,1975,"PT","wer",0.52358,-0.08758,0,0,0.8462,0.70026,-1.54646,NA,NA,NA,NA,"","",4,0,0,1,0
"61442C","ELA",4,2,"7","7","7",4,1975,"PT","wer",0.76541,-0.14672,0,0,0.38871,-0.38871,NA,NA,NA,NA,NA,"","",4,0,0,1,0
"61444","ELA",4,4,"3","3","3",3,1976,"PT","sa",0.93337,1.00041,0,0,0.3294,-0.3294,NA,NA,NA,NA,NA,"BRF","",4,0,1,0,0
"61446","ELA",4,4,"4","4","4",3,1976,"PT","mi",0.48569,1.53522,0,0,NA,NA,NA,NA,NA,NA,NA,"BRF","",4,0,0,0,0
"61448D","ELA",4,2,"2","2","2",4,1976,"PT","wer",0.4943,0.24467,0,0,0.44988,1.16961,-0.06302,-1.55646,NA,NA,NA,"BRF","",4,0,0,1,0
"61448C","ELA",4,2,"2","2","2",4,1976,"PT","wer",0.91401,0.04848,0,0,0.30719,-0.30719,NA,NA,NA,NA,NA,"BRF","",4,0,0,1,0
"61454","ELA",4,4,"3","3","3",4,1977,"PT","sa",0.5064,0.97218,0,0,0.68282,-0.68282,NA,NA,NA,NA,NA,"","",4,0,1,0,0
"61465","ELA",4,4,"4","4","4",3,1977,"PT","mi",0.43628,2.76421,0,0,NA,NA,NA,NA,NA,NA,NA,"","",4,0,0,0,0
"61467D","ELA",4,2,"2","2","2",4,1977,"PT","wer",0.42944,0.34066,0,0,0.49329,1.23648,0.03818,-1.76795,NA,NA,NA,"","",4,0,0,1,0
"61467C","ELA",4,2,"2","2","2",4,1977,"PT","wer",0.7739,-0.03892,0,0,0.33426,-0.33426,NA,NA,NA,NA,NA,"","",4,0,0,1,0
"72514","ELA",4,4,"2","2","2",3,1976,"PT","sa",0.56492,0.1502,0,0,-0.79813,0.79813,NA,NA,NA,NA,NA,"BRF","",4,0,1,0,0
"72516","ELA",4,4,"3","3","3",4,1977,"PT","sa",0.4813,0.53256,0,0,-1.14582,1.14582,NA,NA,NA,NA,NA,"Not Braillable","",4,0,1,0,0
"55421","ELA",5,4,"2","2","2",3,1861,"PT","sa",0.38461,0.31108,0,0,0.89165,-0.89165,NA,NA,NA,NA,NA,"","",5,0,1,0,0
"55423","ELA",5,4,"3","3","3",4,1861,"PT","sa",0.58034,1.5665,0,0,0.89039,-0.89039,NA,NA,NA,NA,NA,"","",5,0,1,0,0
"55425D","ELA",5,2,"2","2","2",4,1862,"PT","wer",0.60564,0.28071,0,0,0.57662,1.49264,-0.26715,-1.80212,NA,NA,NA,"","",5,0,0,1,0
"55425C","ELA",5,2,"2","2","2",4,1862,"PT","wer",1.12181,0.03016,0,0,0.76659,-0.76659,NA,NA,NA,NA,NA,"","",5,0,0,1,0
"55427D","ELA",5,2,"4","4","4",4,1861,"PT","wer",0.65025,0.06833,0,0,1.85876,0.82583,-0.65444,-2.03016,NA,NA,NA,"","",5,0,0,1,0
"55427C","ELA",5,2,"4","4","4",4,1861,"PT","wer",0.809,-0.28859,0,0,0.95361,-0.95361,NA,NA,NA,NA,NA,"","",5,0,0,1,0
"55429","ELA",5,4,"4","4","4",3,1863,"PT","mi",0.65323,0.20837,0,0,NA,NA,NA,NA,NA,NA,NA,"BRF","",5,0,0,0,0
"55431D","ELA",5,2,"2","2","2",4,1863,"PT","wer",0.53992,0.30458,0,0,0.63333,1.85062,-0.21321,-2.27074,NA,NA,NA,"BRF","",5,0,0,1,0
"55431C","ELA",5,2,"2","2","2",4,1863,"PT","wer",1.02599,0.0472,0,0,0.63294,-0.63294,NA,NA,NA,NA,NA,"BRF","",5,0,0,1,0
"55433","ELA",5,4,"2","2","2",3,1864,"PT","sa",0.50492,-0.34042,0,0,0.29995,-0.29995,NA,NA,NA,NA,NA,"","",5,0,1,0,0
"55435D","ELA",5,2,"4","4","4",4,1864,"PT","wer",0.58239,0.10526,0,0,2.41982,0.82741,-0.69557,-2.55166,NA,NA,NA,"","",5,0,0,1,0
"55435C","ELA",5,2,"4","4","4",4,1864,"PT","wer",0.80384,-0.34142,0,0,1.12815,-1.12815,NA,NA,NA,NA,NA,"","",5,0,0,1,0
"55439","ELA",5,4,"2","2","2",3,1862,"PT","ms",0.50359,0.45225,0,0,NA,NA,NA,NA,NA,NA,NA,"","",5,0,0,0,0
"56365D","ELA",5,2,"7","7","7",4,1878,"PT","wer",0.63726,0.29231,0,0,2.20807,0.77398,-0.40171,-2.58035,NA,NA,NA,"BRF","",5,0,0,1,0
"56365C","ELA",5,2,"7","7","7",4,1878,"PT","wer",0.91385,-0.2233,0,0,0.74707,-0.74707,NA,NA,NA,NA,NA,"BRF","",5,0,0,1,0
"56367","ELA",5,4,"2","2","2",3,1878,"PT","ms",0.59527,1.39584,0,0,NA,NA,NA,NA,NA,NA,NA,"BRF","",5,0,0,0,0
"57226","ELA",5,4,"4","4","4",3,1911,"PT","mi",0.56505,2.74814,0,0,NA,NA,NA,NA,NA,NA,NA,"","",5,0,0,0,0
"57228","ELA",5,4,"4","4","4",3,1912,"PT","sa",0.4678,1.14464,0,0,1.14514,-1.14514,NA,NA,NA,NA,NA,"","",5,0,1,0,0
"57234","ELA",5,4,"2","2","2",3,1914,"PT","sa",0.67383,-0.00335,0,0,0.59358,-0.59358,NA,NA,NA,NA,NA,"Not Braillable","",5,0,1,0,0
"57236D","ELA",5,2,"4","4","4",4,1914,"PT","wer",0.66477,0.08674,0,0,1.88896,0.8895,-0.62265,-2.15581,NA,NA,NA,"Not Braillable","",5,0,0,1,0
"57236C","ELA",5,2,"4","4","4",4,1914,"PT","wer",0.98348,-0.39973,0,0,0.89407,-0.89407,NA,NA,NA,NA,NA,"Not Braillable","",5,0,0,1,0
"57436","ELA",5,4,"3","3","3",4,1911,"PT","sa",0.8677,0.81587,0,0,0.46548,-0.46548,NA,NA,NA,NA,NA,"","",5,0,1,0,0
"57440D","ELA",5,2,"4","4","4",4,1911,"PT","wer",0.56023,0.24154,0,0,2.04847,0.80027,-0.54661,-2.30213,NA,NA,NA,"","",5,0,0,1,0
"57440C","ELA",5,2,"4","4","4",4,1911,"PT","wer",0.86512,-0.22487,0,0,0.94321,-0.94321,NA,NA,NA,NA,NA,"","",5,0,0,1,0
"57446C","ELA",5,2,"2","2","2",4,1912,"PT","wer",0.74806,0.40294,0,0,0.08604,-0.08604,NA,NA,NA,NA,NA,"","",5,0,0,1,0
"57446D","ELA",5,2,"2","2","2",4,1912,"PT","wer",0.41099,1.00323,0,0,-0.73353,2.33401,0.25851,-1.85899,NA,NA,NA,"","",5,0,0,1,0
"57448","ELA",5,4,"2","2","2",3,1912,"PT","ms",0.63164,1.65675,0,0,NA,NA,NA,NA,NA,NA,NA,"","",5,0,0,0,0
"57450","ELA",5,4,"2","2","2",3,1925,"PT","sa",0.64533,1.05803,0,0,0.07549,-0.07549,NA,NA,NA,NA,NA,"","",5,0,1,0,0
"57480","ELA",5,4,"4","4","4",3,1925,"PT","sa",0.71424,0.98522,0,0,0.72058,-0.72058,NA,NA,NA,NA,NA,"","",5,0,1,0,0
"57482D","ELA",5,2,"2","2","2",4,1925,"PT","wer",0.56706,0.29072,0,0,0.49294,1.428,-0.06206,-1.85889,NA,NA,NA,"","",5,0,0,1,0
"57482C","ELA",5,2,"2","2","2",4,1925,"PT","wer",1.0735,-0.04026,0,0,0.71344,-0.71344,NA,NA,NA,NA,NA,"","",5,0,0,1,0
"57513D","ELA",5,2,"4","4","4",4,1935,"PT","wer",0.65873,0.14073,0,0,2.08919,0.72449,-0.43687,-2.37679,NA,NA,NA,"BRF","",5,0,0,1,0
"57513C","ELA",5,2,"4","4","4",4,1935,"PT","wer",0.90879,-0.27939,0,0,0.90848,-0.90848,NA,NA,NA,NA,NA,"BRF","",5,0,0,1,0
"61231","ELA",5,4,"4","4","4",3,1861,"PT","mi",0.7925,2.82602,0,0,NA,NA,NA,NA,NA,NA,NA,"","",5,0,0,0,0
"61243","ELA",5,4,"3","3","3",4,1862,"PT","sa",0.57281,1.22008,0,0,0.41172,-0.41172,NA,NA,NA,NA,NA,"","",5,0,1,0,0
"61245","ELA",5,4,"4","4","4",3,1862,"PT","sa",0.52549,0.87767,0,0,0.07192,-0.07192,NA,NA,NA,NA,NA,"","",5,0,1,0,0
"61259","ELA",5,4,"2","2","2",3,1863,"PT","sa",0.50519,1.51199,0,0,0.42878,-0.42878,NA,NA,NA,NA,NA,"BRF","",5,0,1,0,0
"61261","ELA",5,4,"3","3","3",4,1863,"PT","sa",0.60984,1.16082,0,0,0.63952,-0.63952,NA,NA,NA,NA,NA,"BRF","",5,0,1,0,0
"61263","ELA",5,4,"3","3","3",4,1864,"PT","sa",0.58636,0.96797,0,0,0.86421,-0.86421,NA,NA,NA,NA,NA,"","",5,0,1,0,0
"61265","ELA",5,4,"4","4","4",3,1864,"PT","mi",0.72787,2.93689,0,0,NA,NA,NA,NA,NA,NA,NA,"","",5,0,0,0,0
"61267","ELA",5,4,"3","3","3",4,1878,"PT","sa",0.44114,1.512,0,0,-1.46239,1.46239,NA,NA,NA,NA,NA,"BRF","",5,0,1,0,0
"61269","ELA",5,4,"4","4","4",3,1878,"PT","sa",0.6307,1.01028,0,0,0.4559,-0.4559,NA,NA,NA,NA,NA,"BRF","",5,0,1,0,0
"61326","ELA",5,4,"4","4","4",3,1963,"PT","sa",0.89137,1.13576,0,0,-0.11987,0.11987,NA,NA,NA,NA,NA,"BRF","",5,0,1,0,0
"61328","ELA",5,4,"3","3","3",4,1963,"PT","sa",0.79802,0.8797,0,0,0.28557,-0.28557,NA,NA,NA,NA,NA,"BRF","",5,0,1,0,0
"61330","ELA",5,4,"4","4","4",3,1963,"PT","mi",0.76229,1.87411,0,0,NA,NA,NA,NA,NA,NA,NA,"BRF","",5,0,0,0,0
"61332D","ELA",5,2,"4","4","4",4,1963,"PT","wer",0.59383,-0.09886,0,0,2.18787,0.66922,-0.71893,-2.13816,NA,NA,NA,"BRF","",5,0,0,1,0
"61332C","ELA",5,2,"4","4","4",4,1963,"PT","wer",0.76999,-0.43221,0,0,1.01611,-1.01611,NA,NA,NA,NA,NA,"BRF","",5,0,0,1,0
"61336","ELA",5,4,"2","2","2",3,1965,"PT","sa",0.76264,1.11072,0,0,-0.00378,0.00378,NA,NA,NA,NA,NA,"Not Braillable","",5,0,1,0,0
"61338","ELA",5,4,"3","3","3",4,1965,"PT","sa",0.7873,0.7553,0,0,0.36728,-0.36728,NA,NA,NA,NA,NA,"Not Braillable","",5,0,1,0,0
"61340","ELA",5,4,"4","4","4",3,1965,"PT","mi",0.36414,2.12837,0,0,NA,NA,NA,NA,NA,NA,NA,"Not Braillable","",5,0,0,0,0
"61342D","ELA",5,2,"4","4","4",4,1965,"PT","wer",0.56794,0.04869,0,0,2.33543,0.74927,-0.66475,-2.41995,NA,NA,NA,"Not Braillable","",5,0,0,1,0
"61342C","ELA",5,2,"4","4","4",4,1965,"PT","wer",0.8247,-0.42088,0,0,1.05757,-1.05757,NA,NA,NA,NA,NA,"Not Braillable","",5,0,0,1,0
"61352","ELA",5,4,"4","4","4",3,1967,"PT","sa",0.66668,1.34512,0,0,0.29126,-0.29126,NA,NA,NA,NA,NA,"","",5,0,1,0,0
"61354","ELA",5,4,"2","2","2",3,1967,"PT","sa",0.68041,0.43978,0,0,-0.03314,0.03314,NA,NA,NA,NA,NA,"","",5,0,1,0,0
"61359","ELA",5,4,"4","4","4",3,1968,"PT","sa",0.7177,0.74054,0,0,0.54798,-0.54798,NA,NA,NA,NA,NA,"BRF","",5,0,1,0,0
"61361","ELA",5,4,"3","3","3",4,1968,"PT","sa",0.6345,1.18245,0,0,0.12124,-0.12124,NA,NA,NA,NA,NA,"BRF","",5,0,1,0,0
"61452D","ELA",5,2,"2","2","2",4,1968,"PT","wer",0.56396,-0.04026,0,0,0.04398,1.56032,-0.11094,-1.49336,NA,NA,NA,"BRF","",5,0,0,1,0
"61452C","ELA",5,2,"2","2","2",4,1968,"PT","wer",0.98389,-0.07334,0,0,0.51572,-0.51572,NA,NA,NA,NA,NA,"BRF","",5,0,0,1,0
"61829","ELA",5,4,"3","3","3",4,2001,"PT","sa",0.70753,1.18917,0,0,-0.16042,0.16042,NA,NA,NA,NA,NA,"","",5,0,1,0,0
"61831","ELA",5,4,"2","2","2",3,2001,"PT","ms",0.47637,1.41566,0,0,NA,NA,NA,NA,NA,NA,NA,"","",5,0,0,0,0
"61833","ELA",5,4,"4","4","4",3,2001,"PT","sa",0.74556,1.5313,0,0,0.81294,-0.81294,NA,NA,NA,NA,NA,"","",5,0,1,0,0
"61835D","ELA",5,2,"2","2","2",4,2001,"PT","wer",0.54348,0.03547,0,0,0.55057,1.36739,-0.21895,-1.69901,NA,NA,NA,"","",5,0,0,1,0
"61835C","ELA",5,2,"2","2","2",4,2001,"PT","wer",1.0555,-0.04431,0,0,0.7437,-0.7437,NA,NA,NA,NA,NA,"","",5,0,0,1,0
"61839","ELA",5,4,"3","3","3",4,2002,"PT","sa",0.83371,1.06813,0,0,0.76225,-0.76225,NA,NA,NA,NA,NA,"","",5,0,1,0,0
"61841","ELA",5,4,"2","2","2",3,2002,"PT","sa",0.81326,1.51735,0,0,0.81688,-0.81688,NA,NA,NA,NA,NA,"","",5,0,1,0,0
"61843D","ELA",5,2,"2","2","2",4,2002,"PT","wer",0.73804,0.20587,0,0,0.74594,1.30305,-0.32474,-1.72425,NA,NA,NA,"","",5,0,0,1,0
"61843C","ELA",5,2,"2","2","2",4,2002,"PT","wer",1.25451,0.06579,0,0,0.79339,-0.79339,NA,NA,NA,NA,NA,"","",5,0,0,1,0
"61845","ELA",5,4,"3","3","3",4,2003,"PT","sa",0.61423,1.86675,0,0,0.36258,-0.36258,NA,NA,NA,NA,NA,"BRF","",5,0,1,0,0
"61847","ELA",5,4,"2","2","2",3,2003,"PT","ms",0.39794,1.92023,0,0,NA,NA,NA,NA,NA,NA,NA,"BRF","",5,0,0,0,0
"61849","ELA",5,4,"4","4","4",3,2003,"PT","sa",0.78169,0.87179,0,0,0.4798,-0.4798,NA,NA,NA,NA,NA,"BRF","",5,0,1,0,0
"61851D","ELA",5,2,"7","7","7",4,2003,"PT","wer",0.69583,0.37484,0,0,1.78683,0.94988,-0.53481,-2.2019,NA,NA,NA,"BRF","",5,0,0,1,0
"61851C","ELA",5,2,"7","7","7",4,2003,"PT","wer",1.07638,0.03143,0,0,0.64385,-0.64385,NA,NA,NA,NA,NA,"BRF","",5,0,0,1,0
"61997","ELA",5,4,"4","4","4",3,2022,"PT","mi",0.59303,1.58263,0,0,NA,NA,NA,NA,NA,NA,NA,"","",5,0,0,0,0
"61999","ELA",5,4,"3","3","3",4,2022,"PT","sa",0.85723,1.59065,0,0,0.13175,-0.13175,NA,NA,NA,NA,NA,"","",5,0,1,0,0
"62001","ELA",5,4,"4","4","4",3,2022,"PT","sa",0.65582,1.32823,0,0,-0.09802,0.09802,NA,NA,NA,NA,NA,"","",5,0,1,0,0
"62003D","ELA",5,2,"4","4","4",4,2022,"PT","wer",0.73412,0.14103,0,0,1.42201,0.83686,-0.43692,-1.82195,NA,NA,NA,"","",5,0,0,1,0
"62003C","ELA",5,2,"4","4","4",4,2022,"PT","wer",0.99694,0.06812,0,0,0.69712,-0.69712,NA,NA,NA,NA,NA,"","",5,0,0,1,0
"62041","ELA",5,4,"2","2","2",3,2026,"PT","sa",0.75391,0.37776,0,0,0.4986,-0.4986,NA,NA,NA,NA,NA,"","",5,0,1,0,0
"62043","ELA",5,4,"3","3","3",4,2026,"PT","sa",0.78599,0.98424,0,0,0.52224,-0.52224,NA,NA,NA,NA,NA,"","",5,0,1,0,0
"62045","ELA",5,4,"4","4","4",3,2026,"PT","mi",0.58823,2.89696,0,0,NA,NA,NA,NA,NA,NA,NA,"","",5,0,0,0,0
"62047D","ELA",5,2,"2","2","2",4,2026,"PT","wer",0.63721,0.24085,0,0,1.0721,1.20435,-0.10487,-2.17158,NA,NA,NA,"","",5,0,0,1,0
"62047C","ELA",5,2,"2","2","2",4,2026,"PT","wer",1.1403,-0.04032,0,0,0.90152,-0.90152,NA,NA,NA,NA,NA,"","",5,0,0,1,0
"62049","ELA",5,4,"4","4","4",3,1967,"PT","mi",0.51852,2.05752,0,0,NA,NA,NA,NA,NA,NA,NA,"","",5,0,0,0,0
"62051D","ELA",5,2,"2","2","2",4,1967,"PT","wer",0.62397,0.23836,0,0,0.82038,1.68949,-0.34617,-2.16369,NA,NA,NA,"","",5,0,0,1,0
"62051C","ELA",5,2,"2","2","2",4,1967,"PT","wer",0.96234,-0.12379,0,0,0.67511,-0.67511,NA,NA,NA,NA,NA,"","",5,0,0,1,0
"62053","ELA",5,4,"4","4","4",3,2027,"PT","sa",0.87048,0.89834,0,0,0.44862,-0.44862,NA,NA,NA,NA,NA,"","",5,0,1,0,0
"62055","ELA",5,4,"3","3","3",4,2027,"PT","sa",0.4795,1.18432,0,0,-0.14198,0.14198,NA,NA,NA,NA,NA,"","",5,0,1,0,0
"62057","ELA",5,4,"4","4","4",3,2027,"PT","mi",0.62718,2.05266,0,0,NA,NA,NA,NA,NA,NA,NA,"","",5,0,0,0,0
"62059D","ELA",5,2,"7","7","7",4,2027,"PT","wer",0.58696,0.21392,0,0,2.39072,0.6664,-0.69196,-2.36518,NA,NA,NA,"","",5,0,0,1,0
"62059C","ELA",5,2,"7","7","7",4,2027,"PT","wer",0.90712,-0.21799,0,0,0.84739,-0.84739,NA,NA,NA,NA,NA,"","",5,0,0,1,0
"69976","ELA",5,4,"3","3","3",3,1914,"PT","mi",0.61673,3.10704,0,0,NA,NA,NA,NA,NA,NA,NA,"Not Braillable","",5,0,0,0,0
"70066","ELA",5,4,"3","3","3",3,1925,"PT","mc",0.40272,-0.66192,0,NA,NA,NA,NA,NA,NA,NA,NA,"","",5,0,0,0,0
"70072","ELA",5,4,"2","2","2",3,1935,"PT","sa",0.70989,0.77343,0,0,-0.12006,0.12006,NA,NA,NA,NA,NA,"BRF","",5,0,1,0,0
"70074","ELA",5,4,"4","4","4",3,1935,"PT","sa",0.93938,0.94668,0,0,0.29149,-0.29149,NA,NA,NA,NA,NA,"BRF","",5,0,1,0,0
"70078","ELA",5,4,"4","4","4",3,1914,"PT","sa",0.74964,0.77362,0,0,0.59424,-0.59424,NA,NA,NA,NA,NA,"Not Braillable","",5,0,1,0,0
"55036","ELA",6,4,"4","4","4",3,1839,"PT","sa",1.21562,1.21955,0,0,0.31578,-0.31578,NA,NA,NA,NA,NA,"BRF","",6,0,1,0,0
"61074","ELA",6,4,"2","2","2",4,1839,"PT","sa",0.94305,1.57337,0,0,0.48504,-0.48504,NA,NA,NA,NA,NA,"BRF","",6,0,1,0,0
"61076C","ELA",6,2,"4","4","4",4,1839,"PT","wer",1.35285,-0.05751,0,0,0.3234,-0.3234,NA,NA,NA,NA,NA,"BRF","",6,0,0,1,0
"61076D","ELA",6,2,"4","4","4",4,1839,"PT","wer",1.02763,0.07547,0,0,1.24107,0.20959,-1.45066,NA,NA,NA,NA,"BRF","",6,0,0,1,0
"61082","ELA",6,4,"2","2","2",4,1955,"PT","sa",0.86927,1.63106,0,0,0.72975,-0.72975,NA,NA,NA,NA,NA,"","",6,0,1,0,0
"61084","ELA",6,4,"4","4","4",3,1955,"PT","sa",0.8587,2.03244,0,0,0.18873,-0.18873,NA,NA,NA,NA,NA,"","",6,0,1,0,0
"61088C","ELA",6,2,"7","7","7",4,1955,"PT","wer",1.1421,-0.1425,0,0,0.24732,-0.24732,NA,NA,NA,NA,NA,"","",6,0,0,1,0
"61088D","ELA",6,2,"7","7","7",4,1955,"PT","wer",0.83302,0.67408,0,0,1.30438,1.06915,-0.56619,-1.80734,NA,NA,NA,"","",6,0,0,1,0
"61334C","ELA",6,2,"2","2","2",4,1964,"PT","wer",1.34352,-0.09453,0,0,0.20576,-0.20576,NA,NA,NA,NA,NA,"","",6,0,0,1,0
"61334D","ELA",6,2,"2","2","2",4,1964,"PT","wer",0.73596,0.42286,0,0,0.50457,1.14025,-0.19042,-1.4544,NA,NA,NA,"","",6,0,0,1,0
"61456","ELA",6,4,"2","2","2",4,1978,"PT","sa",0.74535,1.19391,0,0,0.27806,-0.27806,NA,NA,NA,NA,NA,"","",6,0,1,0,0
"61458","ELA",6,4,"3","3","3",4,1978,"PT","sa",0.50567,2.09729,0,0,-0.89171,0.89171,NA,NA,NA,NA,NA,"","",6,0,1,0,0
"61460","ELA",6,4,"4","4","4",3,1978,"PT","mi",1.05303,1.70675,0,0,NA,NA,NA,NA,NA,NA,NA,"","",6,0,0,0,0
"61462D","ELA",6,2,"4","4","4",4,1978,"PT","wer",0.87819,0.74498,0,0,1.51065,1.03877,-0.68568,-1.86374,NA,NA,NA,"","",6,0,0,1,0
"61462C","ELA",6,2,"4","4","4",4,1978,"PT","wer",1.0086,-0.02936,0,0,0.22017,-0.22017,NA,NA,NA,NA,NA,"","",6,0,0,1,0
"61645","ELA",6,4,"2","2","2",4,1979,"PT","sa",0.90369,0.87603,0,0,0.36649,-0.36649,NA,NA,NA,NA,NA,"","",6,0,1,0,0
"61647","ELA",6,4,"4","4","4",3,1979,"PT","sa",0.66682,0.60897,0,0,0.5213,-0.5213,NA,NA,NA,NA,NA,"","",6,0,1,0,0
"61651C","ELA",6,2,"4","4","4",4,1979,"PT","wer",1.07477,-0.30036,0,0,0.41113,-0.41113,NA,NA,NA,NA,NA,"","",6,0,0,1,0
"61651D","ELA",6,2,"4","4","4",4,1979,"PT","wer",0.94139,0.53283,0,0,2.16426,1.09945,-0.89699,-2.36672,NA,NA,NA,"","",6,0,0,1,0
"61653","ELA",6,4,"2","2","2",4,1980,"PT","sa",0.4802,0.85465,0,0,-0.1855,0.1855,NA,NA,NA,NA,NA,"","",6,0,1,0,0
"61655","ELA",6,4,"4","4","4",3,1980,"PT","sa",0.88647,1.32038,0,0,0.44382,-0.44382,NA,NA,NA,NA,NA,"","",6,0,1,0,0
"61657","ELA",6,4,"4","4","4",3,1980,"PT","mi",0.6687,3.0682,0,0,NA,NA,NA,NA,NA,NA,NA,"","",6,0,0,0,0
"61659D","ELA",6,2,"4","4","4",4,1980,"PT","wer",0.78645,0.46424,0,0,2.01517,0.63017,-0.84085,-1.80448,NA,NA,NA,"","",6,0,0,1,0
"61659C","ELA",6,2,"4","4","4",4,1980,"PT","wer",0.90657,-0.2126,0,0,0.29581,-0.29581,NA,NA,NA,NA,NA,"","",6,0,0,1,0
"61821","ELA",6,4,"4","4","4",3,2000,"PT","mi",0.92031,1.66455,0,0,NA,NA,NA,NA,NA,NA,NA,"","",6,0,0,0,0
"61823","ELA",6,4,"2","2","2",4,2000,"PT","sa",0.85045,1.40067,0,0,0.29085,-0.29085,NA,NA,NA,NA,NA,"","",6,0,1,0,0
"61825","ELA",6,4,"4","4","4",3,2000,"PT","sa",0.87862,1.22549,0,0,0.39633,-0.39633,NA,NA,NA,NA,NA,"","",6,0,1,0,0
"61827D","ELA",6,2,"4","4","4",4,2000,"PT","wer",0.93337,0.76667,0,0,1.61322,0.79259,-0.71132,-1.69448,NA,NA,NA,"","",6,0,0,1,0
"61827C","ELA",6,2,"4","4","4",4,2000,"PT","wer",1.1548,-0.03614,0,0,0.31293,-0.31293,NA,NA,NA,NA,NA,"","",6,0,0,1,0
"61957","ELA",6,4,"2","2","2",4,2017,"PT","sa",0.73066,1.48825,0,0,-0.02346,0.02346,NA,NA,NA,NA,NA,"","",6,0,1,0,0
"61961","ELA",6,4,"3","3","3",4,2017,"PT","sa",0.45205,2.77309,0,0,-0.28346,0.28346,NA,NA,NA,NA,NA,"","",6,0,1,0,0
"61963","ELA",6,4,"4","4","4",3,2018,"PT","sa",0.76464,1.23123,0,0,0.47612,-0.47612,NA,NA,NA,NA,NA,"BRF","",6,0,1,0,0
"61967","ELA",6,4,"4","4","4",3,2018,"PT","mi",0.85247,3.0873,0,0,NA,NA,NA,NA,NA,NA,NA,"BRF","",6,0,0,0,0
"61969C","ELA",6,2,"2","2","2",4,2017,"PT","wer",1.10736,-0.02735,0,0,0.31587,-0.31587,NA,NA,NA,NA,NA,"","",6,0,0,1,0
"61969D","ELA",6,2,"2","2","2",4,2017,"PT","wer",0.68558,0.37372,0,0,0.94898,0.96885,-0.35276,-1.56505,NA,NA,NA,"","",6,0,0,1,0
"61971D","ELA",6,2,"2","2","2",4,2018,"PT","wer",0.57995,0.3903,0,0,0.30647,1.34189,-0.1673,-1.48105,NA,NA,NA,"BRF","",6,0,0,1,0
"61971C","ELA",6,2,"2","2","2",4,2018,"PT","wer",1.03371,0.11883,0,0,0.25722,-0.25722,NA,NA,NA,NA,NA,"BRF","",6,0,0,1,0
"61973","ELA",6,4,"2","2","2",4,2016,"PT","sa",0.5981,1.69217,0,0,-0.51436,0.51436,NA,NA,NA,NA,NA,"BRF","",6,0,1,0,0
"61975","ELA",6,4,"4","4","4",3,2016,"PT","sa",0.96217,1.61588,0,0,0.29655,-0.29655,NA,NA,NA,NA,NA,"BRF","",6,0,1,0,0
"61977C","ELA",6,2,"4","4","4",4,2016,"PT","wer",1.29699,-0.05872,0,0,0.3516,-0.3516,NA,NA,NA,NA,NA,"BRF","",6,0,0,1,0
"61977D","ELA",6,2,"4","4","4",4,2016,"PT","wer",1.0475,0.65637,0,0,1.94095,0.74365,-0.71026,-1.97434,NA,NA,NA,"BRF","",6,0,0,1,0
"61979","ELA",6,4,"4","4","4",3,2019,"PT","sa",0.78177,1.09673,0,0,0.34263,-0.34263,NA,NA,NA,NA,NA,"","",6,0,1,0,0
"61981","ELA",6,4,"3","3","3",4,2019,"PT","sa",0.75921,2.27546,0,0,-1.04387,1.04387,NA,NA,NA,NA,NA,"","",6,0,1,0,0
"61985D","ELA",6,2,"4","4","4",4,2019,"PT","wer",0.77468,0.57709,0,0,2.18882,1.31363,-0.75863,-2.74383,NA,NA,NA,"","",6,0,0,1,0
"61985C","ELA",6,2,"4","4","4",4,2019,"PT","wer",0.95103,-0.44411,0,0,0.3786,-0.3786,NA,NA,NA,NA,NA,"","",6,0,0,1,0
"61987","ELA",6,4,"2","2","2",4,2020,"PT","sa",0.6796,1.87616,0,0,0.65959,-0.65959,NA,NA,NA,NA,NA,"BRF","",6,0,1,0,0
"61989","ELA",6,4,"4","4","4",3,2020,"PT","sa",0.90061,1.48136,0,0,0.67614,-0.67614,NA,NA,NA,NA,NA,"BRF","",6,0,1,0,0
"61991","ELA",6,4,"4","4","4",3,2020,"PT","mi",0.89445,2.31259,0,0,NA,NA,NA,NA,NA,NA,NA,"BRF","",6,0,0,0,0
"61993D","ELA",6,2,"4","4","4",4,2020,"PT","wer",0.62576,0.71875,0,0,1.90768,0.7568,-0.73881,-1.92566,NA,NA,NA,"BRF","",6,0,0,1,0
"61993C","ELA",6,2,"4","4","4",4,2020,"PT","wer",0.88483,-0.04557,0,0,0.31967,-0.31967,NA,NA,NA,NA,NA,"BRF","",6,0,0,1,0
"62029","ELA",6,4,"3","3","3",4,2021,"PT","sa",0.90892,1.75403,0,0,-0.32833,0.32833,NA,NA,NA,NA,NA,"","",6,0,1,0,0
"62031","ELA",6,4,"4","4","4",3,2021,"PT","sa",0.74006,0.78638,0,0,0.31733,-0.31733,NA,NA,NA,NA,NA,"","",6,0,1,0,0
"62033D","ELA",6,2,"2","2","2",4,2021,"PT","wer",0.69052,0.59899,0,0,0.1287,1.23876,-0.19476,-1.17269,NA,NA,NA,"","",6,0,0,1,0
"62033C","ELA",6,2,"2","2","2",4,2021,"PT","wer",1.09895,0.1319,0,0,-0.08109,0.08109,NA,NA,NA,NA,NA,"","",6,0,0,1,0
"62035","ELA",6,4,"2","2","2",4,1964,"PT","sa",0.7189,1.03728,0,0,0.72662,-0.72662,NA,NA,NA,NA,NA,"","",6,0,1,0,0
"62037","ELA",6,4,"3","3","3",4,1964,"PT","sa",0.54307,1.35891,0,0,0.50001,-0.50001,NA,NA,NA,NA,NA,"","",6,0,1,0,0
"69978","ELA",6,4,"4","4","4",3,2054,"PT","mi",0.63609,-0.11001,0,0,NA,NA,NA,NA,NA,NA,NA,"BRF","",6,0,0,0,0
"70082","ELA",6,4,"4","4","4",3,2054,"PT","sa",0.84852,0.57047,0,0,0.20653,-0.20653,NA,NA,NA,NA,NA,"BRF","",6,0,1,0,0
"70084","ELA",6,4,"2","2","2",4,2054,"PT","sa",0.7494,1.11149,0,0,0.36618,-0.36618,NA,NA,NA,NA,NA,"BRF","",6,0,1,0,0
"70088C","ELA",6,2,"4","4","4",4,2054,"PT","wer",1.09236,-0.00028,0,0,0.28826,-0.28826,NA,NA,NA,NA,NA,"BRF","",6,0,0,1,0
"70088D","ELA",6,2,"4","4","4",4,2054,"PT","wer",0.96258,0.65071,0,0,1.59286,0.67227,-0.64159,-1.62354,NA,NA,NA,"BRF","",6,0,0,1,0
"55050C","ELA",7,2,"7","7","7",4,1840,"PT","wer",1.32868,0.15864,0,0,0.5914,-0.5914,NA,NA,NA,NA,NA,"","",7,0,0,1,0
"55050D","ELA",7,2,"7","7","7",4,1840,"PT","wer",1.13907,1.21989,0,0,2.17408,0.59465,-0.60499,-2.16374,NA,NA,NA,"","",7,0,0,1,0
"55062","ELA",7,4,"3","3","3",4,1844,"PT","sa",0.7771,1.49926,0,0,0.21603,-0.21603,NA,NA,NA,NA,NA,"","",7,0,1,0,0
"55064D","ELA",7,2,"4","4","4",4,1844,"PT","wer",0.66585,1.25419,0,0,2.31444,0.65693,-0.8261,-2.14528,NA,NA,NA,"","",7,0,0,1,0
"55064C","ELA",7,2,"4","4","4",4,1844,"PT","wer",0.82549,0.05047,0,0,0.48982,-0.48982,NA,NA,NA,NA,NA,"","",7,0,0,1,0
"55373C","ELA",7,2,"4","4","4",4,1856,"PT","wer",1.00036,-0.1282,0,0,0.30119,-0.30119,NA,NA,NA,NA,NA,"BRF","",7,0,0,1,0
"55373D","ELA",7,2,"4","4","4",4,1856,"PT","wer",0.88484,1.23964,0,0,2.21328,0.70197,-0.68323,-2.23202,NA,NA,NA,"BRF","",7,0,0,1,0
"55375","ELA",7,4,"3","3","3",4,1840,"PT","sa",0.78732,1.28185,0,0,0.66637,-0.66637,NA,NA,NA,NA,NA,"","",7,0,1,0,0
"55389","ELA",7,4,"2","2","2",4,1857,"PT","sa",0.78284,1.56522,0,0,0.41098,-0.41098,NA,NA,NA,NA,NA,"","",7,0,1,0,0
"55391","ELA",7,4,"3","3","3",3,1857,"PT","mc",0.59364,0.54401,0,NA,NA,NA,NA,NA,NA,NA,NA,"","",7,0,0,0,0
"55393D","ELA",7,2,"2","2","2",4,1857,"PT","wer",0.61023,0.89226,0,0,1.57705,1.04396,-0.3611,-2.25991,NA,NA,NA,"","",7,0,0,1,0
"55393C","ELA",7,2,"2","2","2",4,1857,"PT","wer",0.9452,0.16777,0,0,0.37925,-0.37925,NA,NA,NA,NA,NA,"","",7,0,0,1,0
"55395","ELA",7,4,"2","2","2",4,1844,"PT","sa",0.65185,1.43472,0,0,-0.29722,0.29722,NA,NA,NA,NA,NA,"","",7,0,1,0,0
"55399","ELA",7,4,"3","3","3",4,1858,"PT","sa",0.74395,1.41715,0,0,0.58035,-0.58035,NA,NA,NA,NA,NA,"BRF","",7,0,1,0,0
"55401D","ELA",7,2,"7","7","7",4,1858,"PT","wer",1.28019,0.9345,0,0,1.02705,0.0231,-1.05015,NA,NA,NA,NA,"BRF","",7,0,0,1,0
"55401C","ELA",7,2,"7","7","7",4,1858,"PT","wer",1.65234,0.51721,0,0,0.41483,-0.41483,NA,NA,NA,NA,NA,"BRF","",7,0,0,1,0
"55403","ELA",7,4,"2","2","2",4,1859,"PT","sa",0.65785,2.01774,0,0,0.17076,-0.17076,NA,NA,NA,NA,NA,"BRF","",7,0,1,0,0
"55405C","ELA",7,2,"4","4","4",4,1859,"PT","wer",0.88415,-0.00477,0,0,0.39988,-0.39988,NA,NA,NA,NA,NA,"BRF","",7,0,0,1,0
"55405D","ELA",7,2,"4","4","4",4,1859,"PT","wer",0.70465,0.5636,0,0,1.31178,0.21646,-1.52825,NA,NA,NA,NA,"BRF","",7,0,0,1,0
"56340","ELA",7,4,"3","3","3",3,1873,"PT","mc",0.293,2.04614,0,NA,NA,NA,NA,NA,NA,NA,NA,"","",7,0,0,0,0
"56342D","ELA",7,2,"7","7","7",4,1874,"PT","wer",1.25317,0.63463,0,0,1.3292,-0.05041,-1.27879,NA,NA,NA,NA,"BRF","",7,0,0,1,0
"56342C","ELA",7,2,"7","7","7",4,1874,"PT","wer",1.49813,0.33815,0,0,0.5411,-0.5411,NA,NA,NA,NA,NA,"BRF","",7,0,0,1,0
"56350","ELA",7,4,"2","2","2",4,1876,"PT","sa",0.70525,1.7213,0,0,-0.33894,0.33894,NA,NA,NA,NA,NA,"","",7,0,1,0,0
"56352","ELA",7,4,"3","3","3",4,1876,"PT","sa",0.30645,3.19822,0,0,-0.09533,0.09533,NA,NA,NA,NA,NA,"","",7,0,1,0,0
"56354D","ELA",7,2,"2","2","2",4,1876,"PT","wer",0.65773,1.2711,0,0,1.47001,0.61766,-0.36745,-1.72021,NA,NA,NA,"","",7,0,0,1,0
"56354C","ELA",7,2,"2","2","2",4,1876,"PT","wer",0.90006,0.58176,0,0,0.26245,-0.26245,NA,NA,NA,NA,NA,"","",7,0,0,1,0
"56369","ELA",7,4,"2","2","2",3,1874,"PT","ms",0.2678,4.53885,0,0,NA,NA,NA,NA,NA,NA,NA,"BRF","",7,0,0,0,0
"56523D","ELA",7,2,"7","7","7",4,1873,"PT","wer",0.7129,0.8386,0,0,1.51224,-0.10156,-1.41068,NA,NA,NA,NA,"","",7,0,0,1,0
"56523C","ELA",7,2,"7","7","7",4,1873,"PT","wer",0.91944,0.37056,0,0,0.57783,-0.57783,NA,NA,NA,NA,NA,"","",7,0,0,1,0
"61156","ELA",7,4,"3","3","3",4,1856,"PT","sa",0.60608,1.96873,0,0,0.45978,-0.45978,NA,NA,NA,NA,NA,"BRF","",7,0,1,0,0
"61158","ELA",7,4,"4","4","4",3,1856,"PT","sa",0.66089,2.10776,0,0,0.46807,-0.46807,NA,NA,NA,NA,NA,"BRF","",7,0,1,0,0
"61166","ELA",7,4,"4","4","4",3,1840,"PT","sa",0.91181,1.42729,0,0,0.3893,-0.3893,NA,NA,NA,NA,NA,"","",7,0,1,0,0
"61186","ELA",7,4,"3","3","3",4,1851,"PT","sa",0.57491,2.22758,0,0,0.33284,-0.33284,NA,NA,NA,NA,NA,"BRF","",7,0,1,0,0
"61188","ELA",7,4,"4","4","4",3,1851,"PT","sa",0.75326,2.37598,0,0,0.91967,-0.91967,NA,NA,NA,NA,NA,"BRF","",7,0,1,0,0
"61190","ELA",7,4,"4","4","4",3,1873,"PT","sa",0.71534,1.08064,0,0,0.17397,-0.17397,NA,NA,NA,NA,NA,"","",7,0,1,0,0
"61192","ELA",7,4,"3","3","3",4,1874,"PT","sa",0.66777,2.2481,0,0,-0.15671,0.15671,NA,NA,NA,NA,NA,"BRF","",7,0,1,0,0
"61194","ELA",7,4,"4","4","4",3,1874,"PT","sa",0.80861,0.96435,0,0,0.42701,-0.42701,NA,NA,NA,NA,NA,"BRF","",7,0,1,0,0
"61210","ELA",7,4,"4","4","4",3,1857,"PT","sa",0.76435,1.09783,0,0,0.66319,-0.66319,NA,NA,NA,NA,NA,"","",7,0,1,0,0
"61214","ELA",7,4,"4","4","4",3,1858,"PT","sa",0.80894,1.27694,0,0,0.29442,-0.29442,NA,NA,NA,NA,NA,"BRF","",7,0,1,0,0
"61216","ELA",7,4,"3","3","3",4,1859,"PT","sa",0.97198,1.2155,0,0,0.44088,-0.44088,NA,NA,NA,NA,NA,"BRF","",7,0,1,0,0
"61661","ELA",7,4,"2","2","2",4,1981,"PT","sa",0.62629,1.29239,0,0,0.20453,-0.20453,NA,NA,NA,NA,NA,"BRF","",7,0,1,0,0
"61663","ELA",7,4,"4","4","4",3,1981,"PT","sa",0.60695,1.69835,0,0,0.42443,-0.42443,NA,NA,NA,NA,NA,"BRF","",7,0,1,0,0
"61665C","ELA",7,2,"4","4","4",4,1981,"PT","wer",0.86848,-0.06285,0,0,0.5559,-0.5559,NA,NA,NA,NA,NA,"BRF","",7,0,0,1,0
"61665D","ELA",7,2,"4","4","4",4,1981,"PT","wer",0.67545,0.55256,0,0,1.65784,0.14293,-1.80078,NA,NA,NA,NA,"BRF","",7,0,0,1,0
"61667","ELA",7,4,"4","4","4",3,1982,"PT","sa",0.87173,0.97684,0,0,0.2101,-0.2101,NA,NA,NA,NA,NA,"","",7,0,1,0,0
"61669","ELA",7,4,"4","4","4",3,1982,"PT","sa",0.88966,1.22044,0,0,0.34228,-0.34228,NA,NA,NA,NA,NA,"","",7,0,1,0,0
"61671","ELA",7,4,"4","4","4",3,1982,"PT","mi",0.96201,2.94538,0,0,NA,NA,NA,NA,NA,NA,NA,"","",7,0,0,0,0
"61673C","ELA",7,2,"4","4","4",4,1982,"PT","wer",0.96426,-0.05052,0,0,0.41865,-0.41865,NA,NA,NA,NA,NA,"","",7,0,0,1,0
"61673D","ELA",7,2,"4","4","4",4,1982,"PT","wer",0.81904,0.49318,0,0,1.34691,0.14903,-1.49592,NA,NA,NA,NA,"","",7,0,0,1,0
"61675","ELA",7,4,"4","4","4",3,1983,"PT","sa",0.54336,1.18518,0,0,0.00242,-0.00242,NA,NA,NA,NA,NA,"","",7,0,1,0,0
"61677","ELA",7,4,"2","2","2",4,1983,"PT","sa",0.66763,1.79763,0,0,0.76785,-0.76785,NA,NA,NA,NA,NA,"","",7,0,1,0,0
"61681C","ELA",7,2,"4","4","4",4,1983,"PT","wer",0.97121,0.11701,0,0,0.47676,-0.47676,NA,NA,NA,NA,NA,"","",7,0,0,1,0
"61681D","ELA",7,2,"4","4","4",4,1983,"PT","wer",0.8004,0.73425,0,0,1.47726,0.28545,-1.76271,NA,NA,NA,NA,"","",7,0,0,1,0
"61683","ELA",7,4,"2","2","2",4,1984,"PT","sa",0.72135,1.14619,0,0,-0.04676,0.04676,NA,NA,NA,NA,NA,"","",7,0,1,0,0
"61685","ELA",7,4,"3","3","3",4,1984,"PT","sa",0.36027,2.52024,0,0,0.38847,-0.38847,NA,NA,NA,NA,NA,"","",7,0,1,0,0
"61689C","ELA",7,2,"2","2","2",4,1984,"PT","wer",0.97726,0.42073,0,0,0.47878,-0.47878,NA,NA,NA,NA,NA,"","",7,0,0,1,0
"61689D","ELA",7,2,"2","2","2",4,1984,"PT","wer",0.66365,0.78444,0,0,1.46753,0.64597,-0.32076,-1.79273,NA,NA,NA,"","",7,0,0,1,0
"61691","ELA",7,4,"3","3","3",4,1985,"PT","sa",0.36916,3.24404,0,0,-0.6072,0.6072,NA,NA,NA,NA,NA,"BRF","",7,0,1,0,0
"61693","ELA",7,4,"4","4","4",3,1985,"PT","sa",0.99631,1.39978,0,0,0.35414,-0.35414,NA,NA,NA,NA,NA,"BRF","",7,0,1,0,0
"61697D","ELA",7,2,"7","7","7",4,1985,"PT","wer",1.00426,0.59461,0,0,1.2669,0.04288,-1.30979,NA,NA,NA,NA,"BRF","",7,0,0,1,0
"61697C","ELA",7,2,"7","7","7",4,1985,"PT","wer",1.23666,0.26654,0,0,0.55813,-0.55813,NA,NA,NA,NA,NA,"BRF","",7,0,0,1,0
"61907","ELA",7,4,"2","2","2",4,2010,"PT","sa",0.75155,2.04725,0,0,0.26891,-0.26891,NA,NA,NA,NA,NA,"","",7,0,1,0,0
"61909","ELA",7,4,"3","3","3",4,2010,"PT","sa",0.39766,2.59174,0,0,0.4339,-0.4339,NA,NA,NA,NA,NA,"","",7,0,1,0,0
"61913D","ELA",7,2,"4","4","4",4,2010,"PT","wer",0.94353,0.62634,0,0,1.52905,-0.10931,-1.41975,NA,NA,NA,NA,"","",7,0,0,1,0
"61913C","ELA",7,2,"4","4","4",4,2010,"PT","wer",0.98738,0.15018,0,0,0.51858,-0.51858,NA,NA,NA,NA,NA,"","",7,0,0,1,0
"61915","ELA",7,4,"2","2","2",4,2011,"PT","sa",0.66937,1.45261,0,0,0.18871,-0.18871,NA,NA,NA,NA,NA,"BRF","",7,0,1,0,0
"61917","ELA",7,4,"4","4","4",3,2011,"PT","sa",0.91815,1.41283,0,0,0.36019,-0.36019,NA,NA,NA,NA,NA,"BRF","",7,0,1,0,0
"61921C","ELA",7,2,"4","4","4",4,2011,"PT","wer",0.82375,0.1732,0,0,0.55168,-0.55168,NA,NA,NA,NA,NA,"BRF","",7,0,0,1,0
"61921D","ELA",7,2,"4","4","4",4,2011,"PT","wer",0.83159,0.75822,0,0,1.68124,-0.0673,-1.61394,NA,NA,NA,NA,"BRF","",7,0,0,1,0
"61923","ELA",7,4,"4","4","4",3,2012,"PT","sa",0.81695,0.82375,0,0,0.24028,-0.24028,NA,NA,NA,NA,NA,"","",7,0,1,0,0
"61925","ELA",7,4,"2","2","2",4,2012,"PT","sa",0.72187,1.29129,0,0,0.01729,-0.01729,NA,NA,NA,NA,NA,"","",7,0,1,0,0
"61929D","ELA",7,2,"4","4","4",4,2012,"PT","wer",0.73474,0.50956,0,0,1.73805,-0.0374,-1.70066,NA,NA,NA,NA,"","",7,0,0,1,0
"61929C","ELA",7,2,"4","4","4",4,2012,"PT","wer",0.87145,-0.03099,0,0,0.64495,-0.64495,NA,NA,NA,NA,NA,"","",7,0,0,1,0
"61931","ELA",7,4,"2","2","2",4,2013,"PT","sa",0.87201,1.30381,0,0,0.20478,-0.20478,NA,NA,NA,NA,NA,"","",7,0,1,0,0
"61933","ELA",7,4,"4","4","4",3,2013,"PT","sa",0.7629,1.27662,0,0,0.18414,-0.18414,NA,NA,NA,NA,NA,"","",7,0,1,0,0
"61937D","ELA",7,2,"2","2","2",4,2013,"PT","wer",0.66358,1.07823,0,0,0.75481,0.72351,-0.00405,-1.47427,NA,NA,NA,"","",7,0,0,1,0
"61937C","ELA",7,2,"2","2","2",4,2013,"PT","wer",1.02444,0.52477,0,0,0.14334,-0.14334,NA,NA,NA,NA,NA,"","",7,0,0,1,0
"67556C","ELA",7,2,"7","7","7",4,1851,"PT","wer",1.20176,0.58535,0,0,0.36686,-0.36686,NA,NA,NA,NA,NA,"BRF","",7,0,0,1,0
"67556D","ELA",7,2,"7","7","7",4,1851,"PT","wer",0.98996,0.99596,0,0,0.97249,0.01914,-0.99164,NA,NA,NA,NA,"BRF","",7,0,0,1,0
"54129","ELA",8,4,"4","4","4",3,1781,"PT","sa",0.73926,1.32101,0,0,0.46193,-0.46193,NA,NA,NA,NA,NA,"","",8,0,1,0,0
"54135C","ELA",8,2,"4","4","4",4,1781,"PT","wer",0.71722,-0.08861,0,0,0.28947,-0.28947,NA,NA,NA,NA,NA,"","",8,0,0,1,0
"54135D","ELA",8,2,"4","4","4",4,1781,"PT","wer",0.84611,1.28436,0,0,2.50383,0.82567,-1.17045,-2.15905,NA,NA,NA,"","",8,0,0,1,0
"54137","ELA",8,4,"4","4","4",3,1783,"PT","mi",0.74366,2.81315,0,0,NA,NA,NA,NA,NA,NA,NA,"Not Braillable","",8,0,0,0,0
"54139","ELA",8,4,"2","2","2",4,1783,"PT","sa",0.82347,1.54101,0,0,0.04092,-0.04092,NA,NA,NA,NA,NA,"Not Braillable","",8,0,1,0,0
"54143","ELA",8,4,"2","2","2",4,1783,"PT","sa",0.62882,1.93461,0,0,-0.22199,0.22199,NA,NA,NA,NA,NA,"Not Braillable","",8,0,1,0,0
"54145C","ELA",8,2,"7","7","7",4,1783,"PT","wer",0.85151,-0.16342,0,0,0.51211,-0.51211,NA,NA,NA,NA,NA,"Not Braillable","",8,0,0,1,0
"54145D","ELA",8,2,"7","7","7",4,1783,"PT","wer",0.9071,1.05819,0,0,2.31049,0.95736,-0.99608,-2.27177,NA,NA,NA,"Not Braillable","",8,0,0,1,0
"54147","ELA",8,4,"2","2","2",4,1785,"PT","sa",0.72094,2.03736,0,0,0.63624,-0.63624,NA,NA,NA,NA,NA,"BRF","",8,0,1,0,0
"54149","ELA",8,4,"2","2","2",4,1785,"PT","sa",0.67791,1.48836,0,0,-0.01341,0.01341,NA,NA,NA,NA,NA,"BRF","",8,0,1,0,0
"54151D","ELA",8,2,"4","4","4",4,1785,"PT","wer",0.81945,1.09025,0,0,2.62922,0.80147,-1.26622,-2.16447,NA,NA,NA,"BRF","",8,0,0,1,0
"54151C","ELA",8,2,"4","4","4",4,1785,"PT","wer",0.82198,-0.11016,0,0,0.4154,-0.4154,NA,NA,NA,NA,NA,"BRF","",8,0,0,1,0
"54207","ELA",8,4,"4","4","4",3,1792,"PT","mi",0.64876,2.95794,0,0,NA,NA,NA,NA,NA,NA,NA,"","",8,0,0,0,0
"54209C","ELA",8,2,"2","2","2",4,1792,"PT","wer",0.73353,0.0711,0,0,0.27353,-0.27353,NA,NA,NA,NA,NA,"","",8,0,0,1,0
"54209D","ELA",8,2,"2","2","2",4,1792,"PT","wer",0.59167,0.78484,0,0,1.73563,0.55874,-0.58598,-1.70839,NA,NA,NA,"","",8,0,0,1,0
"54735","ELA",8,4,"4","4","4",3,1824,"PT","sa",0.89462,1.52679,0,0,0.1855,-0.1855,NA,NA,NA,NA,NA,"Not Braillable","",8,0,1,0,0
"54739","ELA",8,4,"2","2","2",4,1824,"PT","sa",0.91757,1.14802,0,0,0.14119,-0.14119,NA,NA,NA,NA,NA,"Not Braillable","",8,0,1,0,0
"54741C","ELA",8,2,"4","4","4",4,1824,"PT","wer",0.78731,0.00032,0,0,0.33126,-0.33126,NA,NA,NA,NA,NA,"Not Braillable","",8,0,0,1,0
"54741D","ELA",8,2,"4","4","4",4,1824,"PT","wer",0.85562,0.52745,0,0,1.41995,0.24175,-1.6617,NA,NA,NA,NA,"Not Braillable","",8,0,0,1,0
"55072","ELA",8,4,"2","2","2",4,1845,"PT","sa",0.70461,1.89163,0,0,0.65438,-0.65438,NA,NA,NA,NA,NA,"","",8,0,1,0,0
"55074D","ELA",8,2,"4","4","4",4,1845,"PT","wer",0.70147,0.61482,0,0,1.56601,0.36306,-1.92907,NA,NA,NA,NA,"","",8,0,0,1,0
"55074C","ELA",8,2,"4","4","4",4,1845,"PT","wer",0.68998,-0.11753,0,0,0.09733,-0.09733,NA,NA,NA,NA,NA,"","",8,0,0,1,0
"55076","ELA",8,4,"4","4","4",3,1846,"PT","sa",0.88116,1.36249,0,0,0.46457,-0.46457,NA,NA,NA,NA,NA,"BRF","",8,0,1,0,0
"55078","ELA",8,4,"3","3","3",4,1846,"PT","sa",0.32368,3.32386,0,0,-2.91135,2.91135,NA,NA,NA,NA,NA,"BRF","",8,0,1,0,0
"55080","ELA",8,4,"2","2","2",3,1847,"PT","htq",0.57485,2.3656,0,0,NA,NA,NA,NA,NA,NA,NA,"","",8,0,0,0,0
"55082","ELA",8,4,"3","3","3",4,1847,"PT","sa",0.50639,2.62435,0,0,0.07459,-0.07459,NA,NA,NA,NA,NA,"","",8,0,1,0,0
"55409","ELA",8,4,"3","3","3",4,1845,"PT","sa",0.69811,1.49275,0,0,0.32672,-0.32672,NA,NA,NA,NA,NA,"","",8,0,1,0,0
"55413D","ELA",8,2,"7","7","7",4,1846,"PT","wer",0.69663,0.78122,0,0,2.19064,1.06215,-1.11826,-2.13453,NA,NA,NA,"BRF","",8,0,0,1,0
"55413C","ELA",8,2,"7","7","7",4,1846,"PT","wer",0.69518,-0.48588,0,0,0.41518,-0.41518,NA,NA,NA,NA,NA,"BRF","",8,0,0,1,0
"55415C","ELA",8,2,"2","2","2",4,1847,"PT","wer",0.8212,0.62348,0,0,-0.28221,0.28221,NA,NA,NA,NA,NA,"","",8,0,0,1,0
"55415D","ELA",8,2,"2","2","2",4,1847,"PT","wer",0.56977,1.05653,0,0,-0.20745,1.01507,0.04606,-0.85369,NA,NA,NA,"","",8,0,0,1,0
"55417","ELA",8,4,"2","2","2",4,1860,"PT","sa",0.60766,1.79444,0,0,0.56032,-0.56032,NA,NA,NA,NA,NA,"","",8,0,1,0,0
"55419C","ELA",8,2,"4","4","4",4,1860,"PT","wer",0.71355,-0.30197,0,0,0.58629,-0.58629,NA,NA,NA,NA,NA,"","",8,0,0,1,0
"55419D","ELA",8,2,"4","4","4",4,1860,"PT","wer",0.63552,0.39312,0,0,1.77222,0.3204,-2.09262,NA,NA,NA,NA,"","",8,0,0,1,0
"56358","ELA",8,4,"2","2","2",4,1877,"PT","sa",0.79704,2.41299,0,0,-0.1999,0.1999,NA,NA,NA,NA,NA,"BRF","",8,0,1,0,0
"56360","ELA",8,4,"3","3","3",3,1877,"PT","mc",0.22041,1.46447,0,NA,NA,NA,NA,NA,NA,NA,NA,"BRF","",8,0,0,0,0
"56362D","ELA",8,2,"7","7","7",4,1877,"PT","wer",0.7468,0.9616,0,0,2.38594,1.07276,-1.02414,-2.43456,NA,NA,NA,"BRF","",8,0,0,1,0
"56362C","ELA",8,2,"7","7","7",4,1877,"PT","wer",0.86382,-0.22737,0,0,0.49717,-0.49717,NA,NA,NA,NA,NA,"BRF","",8,0,0,1,0
"57216","ELA",8,4,"2","2","2",4,1909,"PT","sa",0.4837,1.8546,0,0,-0.25771,0.25771,NA,NA,NA,NA,NA,"BRF","",8,0,1,0,0
"57218","ELA",8,4,"4","4","4",3,1909,"PT","sa",0.79225,1.85236,0,0,0.33299,-0.33299,NA,NA,NA,NA,NA,"BRF","",8,0,1,0,0
"57244D","ELA",8,2,"7","7","7",4,1909,"PT","wer",0.9297,0.95898,0,0,1.93657,0.76851,-0.89885,-1.80623,NA,NA,NA,"BRF","",8,0,0,1,0
"57244C","ELA",8,2,"7","7","7",4,1909,"PT","wer",1.00849,-0.04753,0,0,0.40271,-0.40271,NA,NA,NA,NA,NA,"BRF","",8,0,0,1,0
"57452","ELA",8,4,"2","2","2",4,1926,"PT","sa",0.79373,2.38814,0,0,0.34964,-0.34964,NA,NA,NA,NA,NA,"BRF","",8,0,1,0,0
"57454","ELA",8,4,"2","2","2",4,1926,"PT","sa",0.75863,2.37008,0,0,0.79715,-0.79715,NA,NA,NA,NA,NA,"BRF","",8,0,1,0,0
"57456C","ELA",8,2,"7","7","7",4,1926,"PT","wer",0.93353,-0.26833,0,0,0.44728,-0.44728,NA,NA,NA,NA,NA,"BRF","",8,0,0,1,0
"57456D","ELA",8,2,"7","7","7",4,1926,"PT","wer",0.87085,1.01291,0,0,2.20647,0.81207,-0.67652,-2.34202,NA,NA,NA,"BRF","",8,0,0,1,0
"57515","ELA",8,4,"2","2","2",4,1936,"PT","sa",0.52816,2.30576,0,0,0.89496,-0.89496,NA,NA,NA,NA,NA,"BRF","",8,0,1,0,0
"57517D","ELA",8,2,"4","4","4",4,1936,"PT","wer",0.73754,1.04449,0,0,2.40739,1.22889,-0.78674,-2.84954,NA,NA,NA,"BRF","",8,0,0,1,0
"57517C","ELA",8,2,"4","4","4",4,1936,"PT","wer",0.87996,-0.33681,0,0,0.40382,-0.40382,NA,NA,NA,NA,NA,"BRF","",8,0,0,1,0
"61132","ELA",8,4,"2","2","2",4,1781,"PT","sa",0.83479,1.10199,0,0,0.16656,-0.16656,NA,NA,NA,NA,NA,"","",8,0,1,0,0
"61140","ELA",8,4,"4","4","4",3,1785,"PT","mi",0.4854,2.35058,0,0,NA,NA,NA,NA,NA,NA,NA,"BRF","",8,0,0,0,0
"61233","ELA",8,4,"4","4","4",4,1877,"PT","sa",0.72017,2.17383,0,0,0.69192,-0.69192,NA,NA,NA,NA,NA,"BRF","",8,0,1,0,0
"61237","ELA",8,4,"4","4","4",3,1847,"PT","sa",0.61125,1.40752,0,0,0.44659,-0.44659,NA,NA,NA,NA,NA,"","",8,0,1,0,0
"61239","ELA",8,4,"3","3","3",4,1860,"PT","mc",0.38364,0.25394,0,NA,NA,NA,NA,NA,NA,NA,NA,"","",8,0,0,0,0
"61241","ELA",8,4,"4","4","4",3,1860,"PT","sa",0.676,2.16748,0,0,1.0546,-1.0546,NA,NA,NA,NA,NA,"","",8,0,1,0,0
"61247","ELA",8,4,"4","4","4",3,1792,"PT","sa",0.62116,1.73492,0,0,0.56996,-0.56996,NA,NA,NA,NA,NA,"","",8,0,1,0,0
"61249","ELA",8,4,"2","2","2",3,1792,"PT","sa",0.62397,1.55211,0,0,0.26396,-0.26396,NA,NA,NA,NA,NA,"","",8,0,1,0,0
"61699","ELA",8,4,"4","4","4",4,1986,"PT","sa",0.69316,1.30354,0,0,0.22322,-0.22322,NA,NA,NA,NA,NA,"","",8,0,1,0,0
"61701","ELA",8,4,"3","3","3",4,1986,"PT","sa",0.37126,2.79874,0,0,-0.71719,0.71719,NA,NA,NA,NA,NA,"","",8,0,1,0,0
"61703C","ELA",8,2,"7","7","7",4,1986,"PT","wer",0.98608,-0.01162,0,0,0.30402,-0.30402,NA,NA,NA,NA,NA,"","",8,0,0,1,0
"61703D","ELA",8,2,"7","7","7",4,1986,"PT","wer",0.87166,1.07736,0,0,1.95051,0.99016,-0.80822,-2.13245,NA,NA,NA,"","",8,0,0,1,0
"61705","ELA",8,4,"2","2","2",4,1987,"PT","sa",0.84577,1.43957,0,0,0.41204,-0.41204,NA,NA,NA,NA,NA,"BRF","",8,0,1,0,0
"61707","ELA",8,4,"3","3","3",4,1987,"PT","sa",0.64396,1.80716,0,0,0.80142,-0.80142,NA,NA,NA,NA,NA,"BRF","",8,0,1,0,0
"61709","ELA",8,4,"4","4","4",3,1987,"PT","mi",0.64146,3.61432,0,0,NA,NA,NA,NA,NA,NA,NA,"BRF","",8,0,0,0,0
"61711C","ELA",8,2,"7","7","7",4,1987,"PT","wer",1.04734,-0.08157,0,0,0.45046,-0.45046,NA,NA,NA,NA,NA,"BRF","",8,0,0,1,0
"61711D","ELA",8,2,"7","7","7",4,1987,"PT","wer",0.97737,0.76773,0,0,1.8995,0.73926,-0.82986,-1.80891,NA,NA,NA,"BRF","",8,0,0,1,0
"61713","ELA",8,4,"2","2","2",4,1988,"PT","sa",0.90824,1.00074,0,0,0.31552,-0.31552,NA,NA,NA,NA,NA,"","",8,0,1,0,0
"61715","ELA",8,4,"4","4","4",3,1988,"PT","sa",0.83433,1.48893,0,0,0.39254,-0.39254,NA,NA,NA,NA,NA,"","",8,0,1,0,0
"61719C","ELA",8,2,"4","4","4",4,1988,"PT","wer",1.0534,-0.13527,0,0,0.46553,-0.46553,NA,NA,NA,NA,NA,"","",8,0,0,1,0
"61719D","ELA",8,2,"4","4","4",4,1988,"PT","wer",0.96366,1.09601,0,0,2.24276,1.04157,-0.74785,-2.53647,NA,NA,NA,"","",8,0,0,1,0
"61721","ELA",8,4,"3","3","3",4,1989,"PT","sa",0.39647,1.9688,0,0,0.14099,-0.14099,NA,NA,NA,NA,NA,"Not Braillable","",8,0,1,0,0
"61723","ELA",8,4,"2","2","2",4,1989,"PT","sa",0.78453,1.34895,0,0,0.106,-0.106,NA,NA,NA,NA,NA,"Not Braillable","",8,0,1,0,0
"61727D","ELA",8,2,"2","2","2",4,1989,"PT","wer",0.67598,0.60998,0,0,1.28888,0.65587,-0.54688,-1.39788,NA,NA,NA,"Not Braillable","",8,0,0,1,0
"61727C","ELA",8,2,"2","2","2",4,1989,"PT","wer",0.98514,-0.0817,0,0,0.21716,-0.21716,NA,NA,NA,NA,NA,"Not Braillable","",8,0,0,1,0
"61729","ELA",8,4,"3","3","3",4,1990,"PT","sa",0.84027,1.80263,0,0,0.76799,-0.76799,NA,NA,NA,NA,NA,"","",8,0,1,0,0
"61731","ELA",8,4,"2","2","2",4,1990,"PT","sa",0.94033,2.17918,0,0,0.50544,-0.50544,NA,NA,NA,NA,NA,"","",8,0,1,0,0
"61733","ELA",8,4,"4","4","4",3,1990,"PT","mi",0.3306,2.53571,0,0,NA,NA,NA,NA,NA,NA,NA,"","",8,0,0,0,0
"61735D","ELA",8,2,"7","7","7",4,1990,"PT","wer",0.80297,1.01489,0,0,1.95038,0.832,-0.94304,-1.83933,NA,NA,NA,"","",8,0,0,1,0
"61735C","ELA",8,2,"7","7","7",4,1990,"PT","wer",0.85545,-0.05953,0,0,0.30633,-0.30633,NA,NA,NA,NA,NA,"","",8,0,0,1,0
"61853","ELA",8,4,"2","2","2",4,2004,"PT","sa",0.60598,1.28259,0,0,0.33131,-0.33131,NA,NA,NA,NA,NA,"BRF","",8,0,1,0,0
"61857","ELA",8,4,"2","2","2",3,2004,"PT","ms",0.50282,3.18121,0,0,NA,NA,NA,NA,NA,NA,NA,"BRF","",8,0,0,0,0
"61861C","ELA",8,2,"7","7","7",4,2004,"PT","wer",0.77504,-0.15811,0,0,0.36919,-0.36919,NA,NA,NA,NA,NA,"BRF","",8,0,0,1,0
"61861D","ELA",8,2,"7","7","7",4,2004,"PT","wer",0.73964,1.14598,0,0,2.11064,1.05541,-0.83303,-2.33303,NA,NA,NA,"BRF","",8,0,0,1,0
"61875","ELA",8,4,"4","4","4",3,2006,"PT","sa",0.44751,1.59154,0,0,1.28367,-1.28367,NA,NA,NA,NA,NA,"","",8,0,1,0,0
"61877","ELA",8,4,"2","2","2",4,2006,"PT","sa",0.60273,1.99819,0,0,0.2297,-0.2297,NA,NA,NA,NA,NA,"","",8,0,1,0,0
"61881C","ELA",8,2,"2","2","2",4,2006,"PT","wer",0.89777,0.43922,0,0,-0.29224,0.29224,NA,NA,NA,NA,NA,"","",8,0,0,1,0
"61881D","ELA",8,2,"2","2","2",4,2006,"PT","wer",0.57128,1.02691,0,0,-0.1056,1.26855,-0.0983,-1.06464,NA,NA,NA,"","",8,0,0,1,0
"61891","ELA",8,4,"2","2","2",4,2008,"PT","sa",0.84267,2.13917,0,0,0.78024,-0.78024,NA,NA,NA,NA,NA,"","",8,0,1,0,0
"61893","ELA",8,4,"4","4","4",3,2008,"PT","ms",0.50797,3.42482,0,0,NA,NA,NA,NA,NA,NA,NA,"","",8,0,0,0,0
"61895","ELA",8,4,"4","4","4",3,2008,"PT","sa",0.61507,1.76964,0,0,0.35044,-0.35044,NA,NA,NA,NA,NA,"","",8,0,1,0,0
"61897D","ELA",8,2,"4","4","4",4,2008,"PT","wer",0.70231,0.42053,0,0,1.41575,0.41858,-1.83433,NA,NA,NA,NA,"","",8,0,0,1,0
"61897C","ELA",8,2,"4","4","4",4,2008,"PT","wer",0.7716,-0.2618,0,0,0.29738,-0.29738,NA,NA,NA,NA,NA,"","",8,0,0,1,0
"62061","ELA",8,4,"2","2","2",4,1986,"PT","htq",0.43447,3.64002,0,0,NA,NA,NA,NA,NA,NA,NA,"","",8,0,0,0,0
"70086","ELA",8,4,"4","4","4",3,1936,"PT","sa",0.53171,1.44199,0,0,0.06702,-0.06702,NA,NA,NA,NA,NA,"BRF","",8,0,1,0,0
"54153","ELA",11,4,"3","3","3",3,1786,"PT","mi",0.40842,1.70365,0,0,NA,NA,NA,NA,NA,NA,NA,"","",11,0,0,0,0
"54155D","ELA",11,2,"7","7","7",4,1786,"PT","wer",0.52396,1.67454,0,0,2.90213,0.88716,-0.83957,-2.94972,NA,NA,NA,"","",11,0,0,1,0
"54155C","ELA",11,2,"7","7","7",4,1786,"PT","wer",0.5931,0.83412,0,0,0.1609,-0.1609,NA,NA,NA,NA,NA,"","",11,0,0,1,0
"54157","ELA",11,4,"4","4","4",3,1787,"PT","sa",0.73351,1.82439,0,0,0.27938,-0.27938,NA,NA,NA,NA,NA,"BRF","",11,0,1,0,0
"54159","ELA",11,4,"2","2","2",4,1787,"PT","sa",0.7081,2.17898,0,0,0.197,-0.197,NA,NA,NA,NA,NA,"BRF","",11,0,1,0,0
"54163C","ELA",11,2,"7","7","7",4,1787,"PT","wer",0.70818,1.14492,0,0,0.21339,-0.21339,NA,NA,NA,NA,NA,"BRF","",11,0,0,1,0
"54163D","ELA",11,2,"7","7","7",4,1787,"PT","wer",0.56412,1.6677,0,0,2.05099,0.61457,-0.82907,-1.8365,NA,NA,NA,"BRF","",11,0,0,1,0
"54165","ELA",11,4,"4","4","4",3,1788,"PT","mi",0.59155,1.98005,0,0,NA,NA,NA,NA,NA,NA,NA,"BRF","",11,0,0,0,0
"54167","ELA",11,4,"2","2","2",4,1788,"PT","sa",0.46216,2.27236,0,0,-0.03242,0.03242,NA,NA,NA,NA,NA,"BRF","",11,0,1,0,0
"54169","ELA",11,4,"3","3","3",4,1788,"PT","sa",0.5089,3.62391,0,0,-0.55409,0.55409,NA,NA,NA,NA,NA,"BRF","",11,0,1,0,0
"54171D","ELA",11,2,"7","7","7",4,1788,"PT","wer",0.5329,2.00806,0,0,2.45925,1.0612,-0.72328,-2.79716,NA,NA,NA,"BRF","",11,0,0,1,0
"54171C","ELA",11,2,"7","7","7",4,1788,"PT","wer",0.62045,1.09446,0,0,0.12765,-0.12765,NA,NA,NA,NA,NA,"BRF","",11,0,0,1,0
"54175","ELA",11,4,"2","2","2",4,1789,"PT","sa",0.64143,2.00832,0,0,0.20875,-0.20875,NA,NA,NA,NA,NA,"","",11,0,1,0,0
"54177D","ELA",11,2,"7","7","7",4,1789,"PT","wer",0.64398,1.5252,0,0,2.05278,0.83102,-0.87352,-2.01027,NA,NA,NA,"","",11,0,0,1,0
"54177C","ELA",11,2,"7","7","7",4,1789,"PT","wer",0.69702,0.84436,0,0,0.25106,-0.25106,NA,NA,NA,NA,NA,"","",11,0,0,1,0
"54219","ELA",11,4,"2","2","2",4,1794,"PT","sa",0.7458,2.06697,0,0,0.63448,-0.63448,NA,NA,NA,NA,NA,"","",11,0,1,0,0
"54223C","ELA",11,2,"7","7","7",4,1794,"PT","wer",0.65142,1.08485,0,0,0.23423,-0.23423,NA,NA,NA,NA,NA,"","",11,0,0,1,0
"54223D","ELA",11,2,"7","7","7",4,1794,"PT","wer",0.62968,1.64163,0,0,2.09706,0.60036,-0.85668,-1.84075,NA,NA,NA,"","",11,0,0,1,0
"54685","ELA",11,4,"2","2","2",3,1817,"PT","sa",0.63288,1.96819,0,0,0.63129,-0.63129,NA,NA,NA,NA,NA,"BRF","",11,0,1,0,0
"54687","ELA",11,4,"4","4","4",3,1817,"PT","sa",0.72891,1.68702,0,0,0.47005,-0.47005,NA,NA,NA,NA,NA,"BRF","",11,0,1,0,0
"54689C","ELA",11,2,"7","7","7",4,1817,"PT","wer",0.62785,1.07259,0,0,0.09496,-0.09496,NA,NA,NA,NA,NA,"BRF","",11,0,0,1,0
"54689D","ELA",11,2,"7","7","7",4,1817,"PT","wer",0.58259,1.72961,0,0,2.48063,0.81395,-0.82298,-2.47159,NA,NA,NA,"BRF","",11,0,0,1,0
"54721","ELA",11,4,"2","2","2",4,1821,"PT","sa",0.44548,2.70229,0,0,0.78771,-0.78771,NA,NA,NA,NA,NA,"BRF","",11,0,1,0,0
"54723","ELA",11,4,"3","3","3",3,1821,"PT","mi",0.61108,4.03767,0,0,NA,NA,NA,NA,NA,NA,NA,"BRF","",11,0,0,0,0
"54725","ELA",11,4,"2","2","2",4,1822,"PT","sa",0.63871,2.11556,0,0,0.266,-0.266,NA,NA,NA,NA,NA,"","",11,0,1,0,0
"54729C","ELA",11,2,"7","7","7",4,1822,"PT","wer",0.60695,1.1264,0,0,0.09274,-0.09274,NA,NA,NA,NA,NA,"","",11,0,0,1,0
"54729D","ELA",11,2,"7","7","7",4,1822,"PT","wer",0.5586,1.72191,0,0,2.19524,0.84445,-0.99474,-2.04495,NA,NA,NA,"","",11,0,0,1,0
"55086","ELA",11,4,"4","4","4",3,1849,"PT","sa",0.52719,1.38017,0,0,-0.15179,0.15179,NA,NA,NA,NA,NA,"","",11,0,1,0,0
"55088","ELA",11,4,"2","2","2",4,1849,"PT","sa",0.6305,1.38145,0,0,0.44928,-0.44928,NA,NA,NA,NA,NA,"","",11,0,1,0,0
"55090D","ELA",11,2,"4","4","4",4,1849,"PT","wer",0.48345,1.72536,0,0,2.5192,0.71488,-0.95557,-2.27851,NA,NA,NA,"","",11,0,0,1,0
"55090C","ELA",11,2,"4","4","4",4,1849,"PT","wer",0.56983,1.15274,0,0,0.03592,-0.03592,NA,NA,NA,NA,NA,"","",11,0,0,1,0
"56381","ELA",11,4,"4","4","4",3,1882,"PT","mi",0.63278,4.30536,0,0,NA,NA,NA,NA,NA,NA,NA,"","",11,0,0,0,0
"56383","ELA",11,4,"2","2","2",4,1882,"PT","sa",0.64143,1.56557,0,0,0.65636,-0.65636,NA,NA,NA,NA,NA,"","",11,0,1,0,0
"56386","ELA",11,4,"2","2","2",4,1882,"PT","sa",0.74431,1.99127,0,0,0.11739,-0.11739,NA,NA,NA,NA,NA,"","",11,0,1,0,0
"56388D","ELA",11,2,"4","4","4",4,1882,"PT","wer",0.49518,1.62635,0,0,2.67022,1.09236,-1.10372,-2.65886,NA,NA,NA,"","",11,0,0,1,0
"56388C","ELA",11,2,"4","4","4",4,1882,"PT","wer",0.55082,0.89792,0,0,0.01225,-0.01225,NA,NA,NA,NA,NA,"","",11,0,0,1,0
"56390","ELA",11,4,"4","4","4",3,1883,"PT","mi",0.60009,4.03224,0,0,NA,NA,NA,NA,NA,NA,NA,"","",11,0,0,0,0
"56392","ELA",11,4,"3","3","3",4,1883,"PT","sa",0.58344,1.94667,0,0,0.54248,-0.54248,NA,NA,NA,NA,NA,"","",11,0,1,0,0
"56394","ELA",11,4,"4","4","4",3,1883,"PT","sa",0.70727,1.60523,0,0,1.18529,-1.18529,NA,NA,NA,NA,NA,"","",11,0,1,0,0
"56396D","ELA",11,2,"7","7","7",4,1883,"PT","wer",0.60991,1.69635,0,0,2.66878,0.90895,-0.84804,-2.72968,NA,NA,NA,"","",11,0,0,1,0
"56396C","ELA",11,2,"7","7","7",4,1883,"PT","wer",0.68696,1.0556,0,0,0.24854,-0.24854,NA,NA,NA,NA,NA,"","",11,0,0,1,0
"56398D","ELA",11,2,"4","4","4",4,1884,"PT","wer",0.52588,1.53367,0,0,2.73597,0.92457,-0.82989,-2.83066,NA,NA,NA,"Not Braillable","",11,0,0,1,0
"56398C","ELA",11,2,"4","4","4",4,1884,"PT","wer",0.57802,0.91088,0,0,0.09236,-0.09236,NA,NA,NA,NA,NA,"Not Braillable","",11,0,0,1,0
"56533","ELA",11,4,"4","4","4",3,1885,"PT","sa",0.62217,1.6568,0,0,0.03015,-0.03015,NA,NA,NA,NA,NA,"Not Braillable","",11,0,1,0,0
"56535","ELA",11,4,"4","4","4",3,1886,"PT","sa",0.62624,0.73656,0,0,0.27472,-0.27472,NA,NA,NA,NA,NA,"BRF","",11,0,1,0,0
"56537","ELA",11,4,"2","2","2",4,1887,"PT","sa",0.63543,1.50454,0,0,0.30779,-0.30779,NA,NA,NA,NA,NA,"BRF","",11,0,1,0,0
"56539","ELA",11,4,"3","3","3",4,1887,"PT","sa",0.48563,3.23011,0,0,0.33153,-0.33153,NA,NA,NA,NA,NA,"BRF","",11,0,1,0,0
"56543C","ELA",11,2,"4","4","4",4,1885,"PT","wer",0.56447,1.08553,0,0,-0.01198,0.01198,NA,NA,NA,NA,NA,"Not Braillable","",11,0,0,1,0
"56543D","ELA",11,2,"4","4","4",4,1885,"PT","wer",0.50523,1.83364,0,0,2.68228,0.92886,-0.69702,-2.91414,NA,NA,NA,"Not Braillable","",11,0,0,1,0
"56545C","ELA",11,2,"4","4","4",4,1887,"PT","wer",0.66139,1.01121,0,0,0.0129,-0.0129,NA,NA,NA,NA,NA,"BRF","",11,0,0,1,0
"56545D","ELA",11,2,"4","4","4",4,1887,"PT","wer",0.50961,1.71769,0,0,2.34031,1.08611,-0.56852,-2.85789,NA,NA,NA,"BRF","",11,0,0,1,0
"56547","ELA",11,4,"2","2","2",4,1886,"PT","sa",0.70916,2.43462,0,0,0.46595,-0.46595,NA,NA,NA,NA,NA,"BRF","",11,0,1,0,0
"56549C","ELA",11,2,"7","7","7",4,1886,"PT","wer",0.80277,1.25658,0,0,0.40571,-0.40571,NA,NA,NA,NA,NA,"BRF","",11,0,0,1,0
"56549D","ELA",11,2,"7","7","7",4,1886,"PT","wer",0.54722,1.80673,0,0,2.15527,0.99784,-0.98175,-2.17135,NA,NA,NA,"BRF","",11,0,0,1,0
"56553","ELA",11,4,"2","2","2",4,1884,"PT","sa",0.60981,2.31653,0,0,0.91161,-0.91161,NA,NA,NA,NA,NA,"Not Braillable","",11,0,1,0,0
"56555","ELA",11,4,"4","4","4",3,1884,"PT","sa",0.59515,1.25062,0,0,-0.40339,0.40339,NA,NA,NA,NA,NA,"Not Braillable","",11,0,1,0,0
"57170","ELA",11,4,"4","4","4",3,1901,"PT","mi",0.48383,4.02283,0,0,NA,NA,NA,NA,NA,NA,NA,"","",11,0,0,0,0
"57172","ELA",11,4,"2","2","2",4,1901,"PT","sa",0.66419,1.78596,0,0,0.4556,-0.4556,NA,NA,NA,NA,NA,"","",11,0,1,0,0
"57174","ELA",11,4,"2","2","2",4,1901,"PT","sa",0.7125,2.0105,0,0,0.6664,-0.6664,NA,NA,NA,NA,NA,"","",11,0,1,0,0
"57176C","ELA",11,2,"4","4","4",4,1901,"PT","wer",0.57898,0.82567,0,0,0.04489,-0.04489,NA,NA,NA,NA,NA,"","",11,0,0,1,0
"57176D","ELA",11,2,"4","4","4",4,1901,"PT","wer",0.51178,1.31251,0,0,2.59879,1.0312,-0.91041,-2.71957,NA,NA,NA,"","",11,0,0,1,0
"57208","ELA",11,4,"2","2","2",4,1908,"PT","sa",0.69388,1.77073,0,0,0.28841,-0.28841,NA,NA,NA,NA,NA,"","",11,0,1,0,0
"57210","ELA",11,4,"4","4","4",3,1908,"PT","sa",0.86557,1.51057,0,0,0.67671,-0.67671,NA,NA,NA,NA,NA,"","",11,0,1,0,0
"57214D","ELA",11,2,"7","7","7",4,1908,"PT","wer",0.58944,1.50243,0,0,2.42033,0.67102,-0.99798,-2.09338,NA,NA,NA,"","",11,0,0,1,0
"57214C","ELA",11,2,"7","7","7",4,1908,"PT","wer",0.75448,1.01672,0,0,0.25855,-0.25855,NA,NA,NA,NA,NA,"","",11,0,0,1,0
"57246D","ELA",11,2,"7","7","7",4,1916,"PT","wer",0.5649,1.53803,0,0,2.01744,1.03913,-0.81046,-2.24611,NA,NA,NA,"","",11,0,0,1,0
"57246C","ELA",11,2,"7","7","7",4,1916,"PT","wer",0.69255,1.06851,0,0,0.11879,-0.11879,NA,NA,NA,NA,NA,"","",11,0,0,1,0
"57412","ELA",11,4,"4","4","4",3,1923,"PT","sa",0.62103,1.10469,0,0,0.36758,-0.36758,NA,NA,NA,NA,NA,"","",11,0,1,0,0
"57414","ELA",11,4,"4","4","4",3,1923,"PT","sa",0.70589,1.47823,0,0,0.36118,-0.36118,NA,NA,NA,NA,NA,"","",11,0,1,0,0
"57418D","ELA",11,2,"4","4","4",4,1923,"PT","wer",0.51453,1.83638,0,0,2.34581,1.16947,-0.79079,-2.72448,NA,NA,NA,"","",11,0,0,1,0
"57418C","ELA",11,2,"4","4","4",4,1923,"PT","wer",0.6313,1.08396,0,0,0.02837,-0.02837,NA,NA,NA,NA,NA,"","",11,0,0,1,0
"57420","ELA",11,4,"3","3","3",4,1916,"PT","sa",0.6759,2.14726,0,0,1.08997,-1.08997,NA,NA,NA,NA,NA,"","",11,0,1,0,0
"57422","ELA",11,4,"2","2","2",4,1916,"PT","sa",0.59432,2.05424,0,0,0.23242,-0.23242,NA,NA,NA,NA,NA,"","",11,0,1,0,0
"61144","ELA",11,4,"4","4","4",4,1817,"PT","mi",0.56717,4.43452,0,0,NA,NA,NA,NA,NA,NA,NA,"BRF","",11,0,0,0,0
"61251","ELA",11,4,"2","2","2",4,1794,"PT","sa",0.67451,1.91246,0,0,0.39682,-0.39682,NA,NA,NA,NA,NA,"","",11,0,1,0,0
"61253","ELA",11,4,"2","2","2",4,1821,"PT","sa",0.71174,1.91794,0,0,0.6215,-0.6215,NA,NA,NA,NA,NA,"BRF","",11,0,1,0,0
"61255D","ELA",11,2,"4","4","4",4,1821,"PT","wer",0.62266,1.5519,0,0,2.50266,0.64231,-0.85149,-2.29349,NA,NA,NA,"BRF","",11,0,0,1,0
"61255C","ELA",11,2,"4","4","4",4,1821,"PT","wer",0.75046,1.09506,0,0,0.5577,-0.5577,NA,NA,NA,NA,NA,"BRF","",11,0,0,1,0
"61257","ELA",11,4,"2","2","2",4,1822,"PT","sa",0.41317,1.40118,0,0,0.03584,-0.03584,NA,NA,NA,NA,NA,"","",11,0,1,0,0
"61277","ELA",11,4,"4","4","4",3,1849,"PT","mi",0.41708,3.65143,0,0,NA,NA,NA,NA,NA,NA,NA,"","",11,0,0,0,0
"61302","ELA",11,4,"2","2","2",4,1885,"PT","sa",0.78175,2.3107,0,0,0.44465,-0.44465,NA,NA,NA,NA,NA,"Not Braillable","",11,0,1,0,0
"61763","ELA",11,4,"4","4","4",3,1993,"PT","sa",0.56788,1.71022,0,0,0.03314,-0.03314,NA,NA,NA,NA,NA,"BRF","",11,0,1,0,0
"61765","ELA",11,4,"4","4","4",3,1993,"PT","sa",0.62333,1.2207,0,0,0.18884,-0.18884,NA,NA,NA,NA,NA,"BRF","",11,0,1,0,0
"61769C","ELA",11,2,"7","7","7",4,1993,"PT","wer",0.62992,1.47146,0,0,0.22812,-0.22812,NA,NA,NA,NA,NA,"BRF","",11,0,0,1,0
"61769D","ELA",11,2,"7","7","7",4,1993,"PT","wer",0.49505,1.76444,0,0,2.50597,0.67078,-1.05145,-2.12532,NA,NA,NA,"BRF","",11,0,0,1,0
"61771","ELA",11,4,"4","4","4",3,1994,"PT","sa",0.5391,3.09685,0,0,0.43656,-0.43656,NA,NA,NA,NA,NA,"","",11,0,1,0,0
"61773","ELA",11,4,"3","3","3",4,1994,"PT","sa",0.3923,2.9083,0,0,0.44544,-0.44544,NA,NA,NA,NA,NA,"","",11,0,1,0,0
"61777D","ELA",11,2,"7","7","7",4,1994,"PT","wer",0.48916,1.89652,0,0,2.493,0.73553,-0.62179,-2.60674,NA,NA,NA,"","",11,0,0,1,0
"61777C","ELA",11,2,"7","7","7",4,1994,"PT","wer",0.6359,1.2209,0,0,0.38333,-0.38333,NA,NA,NA,NA,NA,"","",11,0,0,1,0
"61779","ELA",11,4,"4","4","4",3,1995,"PT","sa",0.46435,2.70873,0,0,0.69079,-0.69079,NA,NA,NA,NA,NA,"","",11,0,1,0,0
"61781","ELA",11,4,"3","3","3",4,1995,"PT","sa",0.26266,3.2871,0,0,-1.70943,1.70943,NA,NA,NA,NA,NA,"","",11,0,1,0,0
"61785D","ELA",11,2,"4","4","4",4,1995,"PT","wer",0.43208,1.94445,0,0,2.80745,0.70641,-1.10475,-2.40911,NA,NA,NA,"","",11,0,0,1,0
"61785C","ELA",11,2,"4","4","4",4,1995,"PT","wer",0.49693,1.20273,0,0,-0.249,0.249,NA,NA,NA,NA,NA,"","",11,0,0,1,0
"61787","ELA",11,4,"3","3","3",4,1996,"PT","sa",0.37622,4.05491,0,0,-0.12154,0.12154,NA,NA,NA,NA,NA,"BRF","",11,0,1,0,0
"61789","ELA",11,4,"4","4","4",3,1996,"PT","sa",0.56993,1.95203,0,0,0.10411,-0.10411,NA,NA,NA,NA,NA,"BRF","",11,0,1,0,0
"61793D","ELA",11,2,"4","4","4",4,1996,"PT","wer",0.54652,2.1703,0,0,2.29808,0.7051,-0.75311,-2.25007,NA,NA,NA,"BRF","",11,0,0,1,0
"61793C","ELA",11,2,"4","4","4",4,1996,"PT","wer",0.60149,1.30158,0,0,-0.11699,0.11699,NA,NA,NA,NA,NA,"BRF","",11,0,0,1,0
"61795","ELA",11,4,"2","2","2",4,1997,"PT","sa",0.44761,1.88064,0,0,0.42337,-0.42337,NA,NA,NA,NA,NA,"","",11,0,1,0,0
"61797","ELA",11,4,"4","4","4",3,1997,"PT","sa",0.53892,1.82968,0,0,0.17802,-0.17802,NA,NA,NA,NA,NA,"","",11,0,1,0,0
"61799","ELA",11,4,"3","3","3",3,1997,"PT","mc",0.34113,0.69089,0,NA,NA,NA,NA,NA,NA,NA,NA,"","",11,0,0,0,0
"61801C","ELA",11,2,"4","4","4",4,1997,"PT","wer",0.52396,0.94791,0,0,-0.2106,0.2106,NA,NA,NA,NA,NA,"","",11,0,0,1,0
"61801D","ELA",11,2,"4","4","4",4,1997,"PT","wer",0.44245,1.72858,0,0,2.60955,1.026,-0.85423,-2.78132,NA,NA,NA,"","",11,0,0,1,0
"70030","ELA",11,4,"2","2","2",4,1786,"PT","sa",0.67118,2.1932,0,0,0.42677,-0.42677,NA,NA,NA,NA,NA,"","",11,0,1,0,0
"70033","ELA",11,4,"2","2","2",3,1786,"PT","sa",0.66221,2.15556,0,0,0.16603,-0.16603,NA,NA,NA,NA,NA,"","",11,0,1,0,0
"72518","ELA",11,4,"2","2","2",4,1789,"PT","sa",0.69564,1.54235,0,0,-0.03073,0.03073,NA,NA,NA,NA,NA,"Not Braillable","",11,0,1,0,0
